instrument,outcome,effect_definition,effect_value,effect_metric,interpretation
DASS21,stress,posttest_exp_minus_control,-0.942,Cohen_d,Negativo: menor estrés en experimental
DASS21,anxiety,posttest_exp_minus_control,-0.783,Cohen_d,Negativo: menor ansiedad en experimental
DASS21,depression,posttest_exp_minus_control,-0.707,Cohen_d,Negativo: menor depresión en experimental
APOYO_AUX,support_auxiliary,posttest_exp_minus_control,0.965,Cohen_d,Positivo: mayor apoyo auxiliar en experimental; no es MSPSS
WHOQOL,fisico,posttest_exp_minus_control,0.36,Cohen_d,Positivo: mayor calidad de vida en experimental
WHOQOL,psicologico,posttest_exp_minus_control,0.902,Cohen_d,Positivo: mayor calidad de vida en experimental
WHOQOL,relaciones,posttest_exp_minus_control,0.965,Cohen_d,Positivo: mayor calidad de vida en experimental
WHOQOL,entorno,posttest_exp_minus_control,0.652,Cohen_d,Positivo: mayor calidad de vida en experimental
WHOQOL,global_descriptive,posttest_exp_minus_control,1.427,Cohen_d,Índice global descriptivo
