instrument,outcome,n,adjusted_group_difference,ci95_low,ci95_high,p_group,r2,standard_error_method,interpretation_note
DASS21,stress,562,-5.607,-5.915,-5.3,<0.001,0.923,HC3,Experimental - Control; valores negativos favorecen menor sintomatología
DASS21,anxiety,562,-4.118,-4.403,-3.832,<0.001,0.908,HC3,Experimental - Control; valores negativos favorecen menor sintomatología
DASS21,depression,562,-3.812,-4.066,-3.557,<0.001,0.929,HC3,Experimental - Control; valores negativos favorecen menor sintomatología
APOYO_AUX,support_auxiliary,562,0.681,0.649,0.713,<0.001,0.94,HC3,Índice auxiliar de apoyo; no denominar MSPSS
WHOQOL,fisico,562,5.841,4.386,7.297,<0.001,0.602,HC3,Experimental - Control; valores positivos favorecen experimental
WHOQOL,psicologico,562,13.064,11.537,14.592,<0.001,0.637,HC3,Experimental - Control; valores positivos favorecen experimental
WHOQOL,relaciones,562,15.595,13.592,17.598,<0.001,0.503,HC3,Experimental - Control; valores positivos favorecen experimental
WHOQOL,entorno,562,7.378,5.89,8.866,<0.001,0.626,HC3,Experimental - Control; valores positivos favorecen experimental
WHOQOL,global_descriptive,562,10.507,9.683,11.33,<0.001,0.69,HC3,Índice global descriptivo
