quality_id,area,finding,status,action
Q001,procedencia,La procedencia fue confirmada por la autora como datos recolectados con participantes.,documentado,Declaración de procedencia y manifiesto SHA-256 incluidos.
Q003,resultados_prepost,La base primaria y el Dataset Maestro coinciden 1:1 en 562 participantes y seis puntuaciones DASS.,verificado,evaluacion_prepost_neuroguIA.xlsx fijada como fuente primaria de resultados.
Q004,apoyo_prepost,El índice bruto 20–100 se transforma exactamente mediante división entre 20.,verificado,Se conservan tanto el valor bruto como la escala derivada 1–5.
Q005,reactivos,"No se localizaron respuestas individuales por reactivo para DASS-21 adaptado, APOYO10 o UTIL10.",documentado,Los análisis utilizan las puntuaciones totales observadas; no se estiman alfas sin respuestas por reactivo.
Q006,whoqol,Existen 562 registros completos de 26 reactivos pre y post; no hay cruce verificable con participant_id de la base principal.,analisis_independiente,WHOQOL se reporta como módulo analítico independiente.
Q007,integridad_relacional,"Las claves operativas verificadas no presentan huérfanos en familias, perfiles, casos, mensajes y curación.",verificado,Restricciones y verificación post-carga incluidas en SQL.
Q008,marcas_temporales,Se preservan sin redistribución las marcas temporales suministradas.,preservado,Dashboard usa agregaciones derivadas de los timestamps originales.
Q009,enlace_investigacion_operacion,Los códigos de investigación y los UUID operativos no incluyen una tabla de correspondencia explícita.,modulos_separados,Los módulos de investigación y operación se conservan separados.
Q010,pln,"El holdout agrupado evaluado originalmente utiliza 7 categorías, etiquetas operativas y 297 textos únicos; el corpus pseudonimizado actual contiene 1,442 textos exactos.",control_tecnico,"Las métricas se conservan como control previo a la normalización nominal; no se recalculan ni se presentan como validación humana independiente y requieren corpus gold."
