family_id,profile_id,sessions_total,messages_total,first_session_at,last_session_at,technical_duration_mean_min,technical_duration_median_min,average_messages_per_session,average_usefulness,applied_successfully_rate,llm_fallback_sessions,calendar_span_days,llm_fallback_session_rate,dominant_category,dominant_state
02402def-d911-468c-88fa-4a691bbb79d6,144b8108-f23c-4bf5-aab9-27382ba12462,23,180,2026-02-04 09:37:00,2026-05-31 21:00:00,6.826086956521739,3.0,7.826086956521739,0.7291304347826086,0.5217391304347826,7,117,0.30434782608695654,apoyo_general,general_distress
02672e05-454f-4248-b090-11d67f9e316a,c35e45fa-57e7-4ea2-8dd4-56fe51ce0912,23,148,2026-02-02 13:04:00,2026-05-31 21:00:00,5.434782608695652,3.0,6.434782608695652,0.6552173913043479,0.5217391304347826,10,119,0.43478260869565216,sueno_regulacion,general_distress
02f07d98-0ba4-421d-b620-37c37723e9e5,dbab61c9-5a8b-4cd7-aa95-b924e33b3aa6,23,160,2026-03-02 19:26:00,2026-05-31 21:00:00,5.956521739130435,3.0,6.956521739130435,0.7057826086956522,0.6956521739130435,5,91,0.21739130434782608,sueno_regulacion,general_distress
03f2fa32-6c8e-489f-a286-c7f4bf6e34cc,33adc609-c3f3-4023-8411-a8d5e96da91c,23,154,2026-04-14 19:29:00,2026-05-31 21:00:00,5.695652173913044,3.0,6.695652173913044,0.6553043478260869,0.782608695652174,8,48,0.34782608695652173,transicion_rigidez,general_distress
06854ca0-83c9-4eee-adc6-b1a6c9fd8ed2,d2de0ad1-42a5-46cb-b229-879f9a874170,23,188,2026-03-25 18:04:00,2026-05-31 21:00:00,7.173913043478261,3.0,8.173913043478262,0.7094782608695652,0.6086956521739131,8,68,0.34782608695652173,apoyo_general,general_distress
072ed9fe-c0a3-43b9-b826-b59a6982bb38,1605fc27-e3e9-409d-82ea-a30ee646d5d8,23,152,2026-01-07 20:05:00,2026-05-31 21:00:00,5.608695652173913,3.0,6.608695652173913,0.6663913043478261,0.6086956521739131,10,145,0.43478260869565216,crisis_activa,general_distress
08d8cf55-b08c-453b-ba75-c8f316e258f5,433b92da-b679-4bfa-a01d-0bd32f4c15af,23,214,2026-05-19 08:03:00,2026-05-31 21:00:00,8.304347826086957,13.0,9.304347826086957,0.6889130434782609,0.6521739130434783,10,13,0.43478260869565216,crisis_activa,meltdown
09707de6-1df8-4d29-9a97-7072dc872ed8,83d3a31a-53bd-4cd9-93f1-ba0c5e9dd1ce,23,146,2026-04-08 14:50:00,2026-05-31 21:00:00,5.3478260869565215,3.0,6.3478260869565215,0.6473043478260869,0.5652173913043478,3,54,0.13043478260869565,apoyo_general,general_distress
0acf4a73-0940-4fee-8a26-9234c249ec78,f3d213d6-8024-4d85-a874-801aad21143b,23,174,2026-04-29 11:27:00,2026-05-31 21:00:00,6.565217391304348,3.0,7.565217391304348,0.6133913043478261,0.5217391304347826,8,33,0.34782608695652173,apoyo_general,general_distress
0e5bdd1d-eabe-40e8-aeed-08f55db16a62,e74cf013-3ab7-49ae-aeee-8034ec96ecc2,23,154,2026-01-10 11:17:00,2026-05-31 21:00:00,5.695652173913044,3.0,6.695652173913044,0.7206521739130435,0.6956521739130435,5,142,0.21739130434782608,disfuncion_ejecutiva,general_distress
0edee50a-8c0f-457b-ba23-4a624349f4a4,2ecb7bf4-5f84-45e4-836f-38359b5d8e3e,23,164,2026-01-31 20:22:00,2026-05-31 21:00:00,6.130434782608695,3.0,7.130434782608695,0.7556956521739131,0.5652173913043478,12,121,0.5217391304347826,crisis_activa,shutdown
0eeb0b95-213d-4d0f-817b-4b931bd93b1b,6a6a053b-ad54-4604-9fda-9a67f8fe97e2,23,154,2026-01-15 20:59:00,2026-05-31 21:00:00,5.695652173913044,3.0,6.695652173913044,0.7794347826086956,0.6521739130434783,7,137,0.30434782608695654,apoyo_general,executive_dysfunction
10136bb0-b6e9-4690-9eb1-8592af5c8261,1cf9f982-625e-4269-8aac-0024c6423f5b,23,150,2026-04-26 13:23:00,2026-05-31 21:00:00,5.521739130434782,3.0,6.521739130434782,0.7142608695652174,0.6521739130434783,3,36,0.13043478260869565,apoyo_general,general_distress
118e117b-54ea-4d19-879b-1254fafb11aa,a7105be4-28ae-4b64-bc17-4b6691b16a29,23,166,2026-03-22 16:29:00,2026-05-31 21:00:00,6.217391304347826,3.0,7.217391304347826,0.685,0.6956521739130435,12,71,0.5217391304347826,transicion_rigidez,general_distress
11ca98bb-300e-4841-94b4-55a324d71d47,ffcabd8d-9234-424f-990c-848ef8e493e0,23,194,2026-02-19 16:02:00,2026-05-31 21:00:00,7.434782608695652,3.0,8.434782608695652,0.6523043478260869,0.43478260869565216,13,102,0.5652173913043478,crisis_activa,general_distress
11d0c5c7-307a-49b9-8d57-44b99f520cdc,9ff4226d-4872-4bde-ac45-221a053efef7,23,180,2026-03-14 08:08:00,2026-05-31 18:07:00,6.826086956521739,3.0,7.826086956521739,0.6998260869565217,0.6086956521739131,9,79,0.391304347826087,apoyo_general,general_distress
1249a9c0-e28c-4ad2-9e76-7ac056f658c8,becf7357-95f2-4370-86a3-a9c94b16af99,23,180,2026-02-23 17:32:00,2026-05-31 21:00:00,6.826086956521739,3.0,7.826086956521739,0.6807391304347826,0.5217391304347826,6,98,0.2608695652173913,sobrecarga_sensorial,general_distress
137d433e-099c-4818-9542-fb1c62135220,eae7d3d4-6679-422b-9555-e616b96b35c2,23,192,2026-05-14 15:58:00,2026-05-31 21:00:00,7.3478260869565215,9.0,8.347826086956522,0.6789565217391305,0.5652173913043478,8,18,0.34782608695652173,sobrecarga_cuidador,general_distress
14028473-68cf-4e2a-9a07-f0d594a5792b,245bdc34-54f7-4f1e-9f89-03367c2bfa9b,23,178,2026-03-11 18:11:00,2026-05-31 21:00:00,6.739130434782608,3.0,7.739130434782608,0.6873478260869565,0.6956521739130435,6,82,0.2608695652173913,disfuncion_ejecutiva,general_distress
15085b3d-a0b8-4ed7-bcbf-7f546373ca07,464050af-55d3-49a9-b028-3f5a84c591d3,23,146,2026-04-02 16:27:00,2026-05-31 21:00:00,5.3478260869565215,3.0,6.3478260869565215,0.6713478260869564,0.6521739130434783,9,60,0.391304347826087,apoyo_general,emotional_dysregulation
171fd715-50a4-4e1d-97cf-c379deae8de9,7074de31-1bdf-43a3-a405-7dc486d37077,23,142,2026-05-10 16:59:00,2026-05-31 21:00:00,5.173913043478261,3.0,6.173913043478261,0.6269130434782609,0.5652173913043478,5,22,0.21739130434782608,crisis_activa,emotional_dysregulation
174070a1-b993-450c-b8b6-564bd0b8aaa9,eb33458b-c037-4ddb-b549-91ef1fc774dc,23,162,2026-02-06 08:46:00,2026-05-31 21:00:00,6.043478260869565,3.0,7.043478260869565,0.7514347826086957,0.6521739130434783,10,115,0.43478260869565216,crisis_activa,general_distress
177c312d-c315-4023-8a3b-d95a7eade0a9,4d52863b-4ac5-4933-9475-9535ea8d5f4e,23,168,2026-03-11 08:21:00,2026-05-31 11:06:00,6.304347826086956,3.0,7.304347826086956,0.6603478260869565,0.5217391304347826,9,82,0.391304347826087,apoyo_general,shutdown
181f1fef-62b2-4008-ab1a-eda0a4a832b0,1735734b-8a0a-4e52-95a6-1dd94705fe4b,23,142,2026-01-19 15:48:00,2026-05-31 06:00:00,5.173913043478261,3.0,6.173913043478261,0.6840434782608696,0.6086956521739131,7,132,0.30434782608695654,sobrecarga_cuidador,general_distress
19f4dc6f-ef37-4eeb-974c-07d766eac932,943b9aa5-5e5e-4527-ac02-dbe01dd5df45,23,170,2026-05-26 21:00:00,2026-05-31 21:00:00,6.391304347826087,3.0,7.391304347826087,0.7025652173913043,0.5652173913043478,7,6,0.30434782608695654,apoyo_general,general_distress
1a8cc57a-55e6-4184-ac1e-28c42eb70aab,2eb6c38e-fd93-4cb3-9c85-aacb9485f4ad,23,172,2026-01-19 19:54:00,2026-05-31 01:00:00,6.478260869565218,3.0,7.478260869565218,0.6897391304347826,0.6956521739130435,8,132,0.34782608695652173,apoyo_general,executive_dysfunction
1b453eaf-89df-4ba9-ba16-41e59ec859c2,98be2530-bb59-4fed-a6c8-9847b11c97af,23,208,2026-01-11 20:13:00,2026-05-31 21:00:00,8.043478260869565,9.0,9.043478260869565,0.6901304347826087,0.6521739130434783,3,141,0.13043478260869565,sueno_regulacion,general_distress
1bdc9c33-f5b7-4049-af7d-aec73656c9cd,a0c01555-de92-487d-a0ed-21dacf3bad75,23,156,2026-03-22 08:01:00,2026-05-31 07:00:00,5.782608695652174,3.0,6.782608695652174,0.6705217391304348,0.5217391304347826,10,70,0.43478260869565216,apoyo_general,meltdown
1c1bd122-e450-4702-bd7e-20c8ebc3cb30,49dfdb1f-6c86-4153-bc80-53568e703a2e,23,154,2026-05-13 14:26:00,2026-05-31 21:00:00,5.695652173913044,3.0,6.695652173913044,0.7001304347826087,0.5652173913043478,10,19,0.43478260869565216,crisis_activa,general_distress
1c38ae4f-1846-45ca-938e-3e1bbcdb1049,dfbcc3fa-1e16-4503-8f5f-afd07e37c90a,23,194,2026-03-22 09:24:00,2026-05-31 03:00:00,7.434782608695652,9.0,8.434782608695652,0.7109130434782608,0.5652173913043478,7,70,0.30434782608695654,apoyo_general,general_distress
1e078026-5215-4954-9008-8e40fc0623a0,27794c57-be73-49b2-85b9-275438618801,23,166,2026-02-23 12:48:00,2026-05-31 17:46:00,6.217391304347826,3.0,7.217391304347826,0.6408260869565218,0.4782608695652174,12,98,0.5217391304347826,apoyo_general,general_distress
1ebf5f08-9f01-4a3b-8d4a-f204822391a3,dc94adbe-fc39-4f96-80c3-b7ed90826ba0,23,196,2026-02-17 16:05:00,2026-05-31 21:00:00,7.521739130434782,9.0,8.521739130434783,0.6977391304347826,0.6086956521739131,6,104,0.2608695652173913,crisis_activa,general_distress
2165daf4-d683-4f3d-9290-8694bff46165,400fce60-cf80-4f28-96c7-2e59877eaf5a,23,194,2026-01-16 09:40:00,2026-05-31 21:00:00,7.434782608695652,9.0,8.434782608695652,0.6817391304347826,0.8260869565217391,6,136,0.2608695652173913,sobrecarga_sensorial,general_distress
218e92aa-7c88-4b22-bd5d-d6c2263e6fb5,54a75c11-cb96-41e6-9288-5678a6066101,23,162,2026-04-18 12:49:00,2026-05-31 21:00:00,6.043478260869565,3.0,7.043478260869565,0.6590869565217392,0.34782608695652173,6,44,0.2608695652173913,apoyo_general,general_distress
225df57f-e239-43f3-84cc-3016892bf288,667a4fba-a2fe-46a7-88ff-653891a6240f,23,172,2026-02-22 19:36:00,2026-05-31 21:00:00,6.478260869565218,3.0,7.478260869565218,0.647,0.6086956521739131,5,99,0.21739130434782608,sueno_regulacion,general_distress
233606d0-5b54-4710-a599-50e8f6190bea,80f473e9-607a-4bc2-8ccf-542a863032de,23,166,2026-04-25 19:41:00,2026-05-31 10:41:00,6.217391304347826,3.0,7.217391304347826,0.6452173913043479,0.6521739130434783,8,36,0.34782608695652173,apoyo_general,executive_dysfunction
244cf02a-6a9f-4e51-8fd0-39996e6c74aa,17c2e9a7-db55-4986-a5a7-18c718d4a083,23,176,2026-02-12 08:31:00,2026-05-31 03:00:00,6.6521739130434785,3.0,7.6521739130434785,0.6281739130434782,0.6086956521739131,6,108,0.2608695652173913,apoyo_general,general_distress
2472bc7c-4de5-4c93-9881-47f8a8f3a5df,28890895-3a7a-4197-afc9-59d6645f1008,23,146,2026-03-15 08:57:00,2026-05-31 21:00:00,5.3478260869565215,3.0,6.3478260869565215,0.6704347826086956,0.5217391304347826,9,78,0.391304347826087,transicion_rigidez,general_distress
25e817db-bebc-4684-95b0-700d4faad8d2,7123f3ef-165d-4915-9764-166a9fdfe202,23,200,2026-03-03 15:52:00,2026-05-31 21:00:00,7.695652173913044,11.0,8.695652173913043,0.7039565217391304,0.6086956521739131,5,90,0.21739130434782608,apoyo_general,general_distress
28926661-61b3-4991-bdf2-ce2340e77935,0e79fd65-b751-4a58-a77e-2f2936343443,23,156,2026-04-27 18:24:00,2026-05-30 21:00:00,5.782608695652174,3.0,6.782608695652174,0.6457391304347826,0.5217391304347826,6,34,0.2608695652173913,crisis_activa,general_distress
289b7718-50d5-4656-ba6f-b176285c755f,fd87adf3-7e92-4f78-996e-9ef41b771bd9,23,146,2026-05-26 21:00:00,2026-05-31 21:00:00,5.3478260869565215,3.0,6.3478260869565215,0.7294347826086957,0.6086956521739131,3,6,0.13043478260869565,crisis_activa,general_distress
28b2e675-056e-4641-905e-ff58e87ae9a7,2eeb7b96-d177-4620-abd6-76ca220ef059,23,176,2026-03-26 17:15:00,2026-05-31 21:00:00,6.6521739130434785,3.0,7.6521739130434785,0.6852173913043478,0.6956521739130435,9,67,0.391304347826087,apoyo_general,general_distress
29907378-5e9b-4661-b240-f444d1725468,9ef7570a-1509-4672-9045-30877ab4f0a7,23,172,2026-04-17 15:58:00,2026-05-31 21:00:00,6.478260869565218,3.0,7.478260869565218,0.6680434782608696,0.6521739130434783,8,45,0.34782608695652173,sueno_regulacion,general_distress
2b782017-90d8-4c42-9b89-53ecf7c53148,0bafec73-2550-48e8-9349-c16b3a2eeb9b,23,216,2026-02-26 13:25:00,2026-05-31 21:00:00,8.391304347826088,9.0,9.391304347826088,0.7488260869565216,0.6956521739130435,10,95,0.43478260869565216,sobrecarga_cuidador,executive_dysfunction
2b7fc46c-c93b-4fc1-83d0-bd8821b279fd,0be039ff-854c-4d04-a77e-c6048d714815,23,158,2026-02-15 14:12:00,2026-05-31 21:00:00,5.869565217391305,3.0,6.869565217391305,0.6757826086956522,0.4782608695652174,7,106,0.30434782608695654,disfuncion_ejecutiva,general_distress
2d591e85-b5bb-41c5-8c0a-e5372453dd1d,1a9efc16-f4c3-4831-b94d-da0097b7ad53,23,164,2026-03-14 18:37:00,2026-05-31 21:00:00,6.130434782608695,3.0,7.130434782608695,0.6806086956521739,0.4782608695652174,8,79,0.34782608695652173,disfuncion_ejecutiva,general_distress
2ea957c5-c357-4641-b192-7d0aee77c7fa,c1021b7f-9f58-4490-8d7c-1055faa9f031,23,172,2026-02-18 19:07:00,2026-05-31 21:00:00,6.478260869565218,3.0,7.478260869565218,0.696391304347826,0.6086956521739131,8,103,0.34782608695652173,sobrecarga_cuidador,general_distress
2f0831f7-46b8-4d1d-94bb-ff66ae4b2391,b068fe13-f108-4132-9030-3edfae53af6c,23,166,2026-03-11 11:21:00,2026-05-31 21:00:00,6.217391304347826,3.0,7.217391304347826,0.6370869565217392,0.4782608695652174,10,82,0.43478260869565216,sobrecarga_cuidador,general_distress
30eb0096-76ac-42b1-9a94-e49fe94619e0,661a8547-7f7c-462d-a2e6-2b1892b4799d,23,188,2026-01-14 20:27:00,2026-05-31 21:00:00,7.173913043478261,9.0,8.173913043478262,0.6389565217391304,0.6956521739130435,8,138,0.34782608695652173,sobrecarga_sensorial,shutdown
3176bbc2-bdc8-42ad-ae99-a779fab93272,ea41060f-47c5-49c2-b102-3cc7e4a76e30,23,162,2026-04-15 17:30:00,2026-05-31 21:00:00,6.043478260869565,3.0,7.043478260869565,0.7156521739130435,0.6956521739130435,9,47,0.391304347826087,apoyo_general,general_distress
35300a64-f664-4af5-a526-fb055c362e23,af405833-025e-4247-9ee2-92dba1416320,23,188,2026-03-08 10:42:00,2026-05-31 21:00:00,7.173913043478261,9.0,8.173913043478262,0.5745652173913044,0.5217391304347826,7,85,0.30434782608695654,crisis_activa,emotional_dysregulation
3717bc84-1ee6-4e63-97b9-0f0a22be0a3a,6f84939c-0c31-4a2d-9993-0cefd2d2096f,23,142,2026-04-19 18:08:00,2026-05-31 21:00:00,5.173913043478261,3.0,6.173913043478261,0.7621739130434783,0.6521739130434783,4,43,0.17391304347826086,sueno_regulacion,general_distress
37194d96-5178-465a-a5a5-e41a8510add7,6a60a771-9c92-4f4b-b983-5d608677729d,23,168,2026-01-29 17:19:00,2026-05-31 21:00:00,6.304347826086956,3.0,7.304347826086956,0.6073478260869565,0.6086956521739131,5,123,0.21739130434782608,crisis_activa,emotional_dysregulation
3829ae9b-d2a4-4785-bc9f-e36c86c978f0,3d08a8f5-579b-4582-b1c3-459a99600bb9,23,162,2026-01-12 17:35:00,2026-05-31 21:00:00,6.043478260869565,3.0,7.043478260869565,0.6680869565217391,0.6086956521739131,7,140,0.30434782608695654,apoyo_general,executive_dysfunction
390e94d0-786f-432a-8e38-da4fb07644c0,b9dc52d1-95e0-4264-9021-8ea5b9a28787,23,136,2026-01-28 16:20:00,2026-05-31 02:00:00,4.913043478260869,3.0,5.913043478260869,0.6540869565217392,0.6521739130434783,10,123,0.43478260869565216,apoyo_general,general_distress
392aa214-2140-427d-aead-2578b8fd452b,2bdbcd6c-eed5-4787-afc2-2dd71d3e24a7,23,190,2026-02-20 10:44:00,2026-05-31 21:00:00,7.260869565217392,9.0,8.26086956521739,0.7176086956521739,0.6086956521739131,6,101,0.2608695652173913,apoyo_general,general_distress
3954244d-ce88-4caf-804a-a87d93fb13e9,55ee8746-e6f2-49da-9b23-416f92c143f8,23,150,2026-01-22 15:43:00,2026-05-31 21:00:00,5.521739130434782,3.0,6.521739130434782,0.6500869565217391,0.6956521739130435,6,130,0.2608695652173913,transicion_rigidez,general_distress
3bcb7eb9-47d9-495a-8846-c99c285f1712,90cbec23-43f5-4862-801c-0e7a56a19aaf,23,182,2026-05-22 18:44:00,2026-05-31 21:00:00,6.913043478260869,3.0,7.913043478260869,0.6993478260869566,0.6956521739130435,6,10,0.2608695652173913,apoyo_general,general_distress
3fdbb0fc-3d53-47ec-8f28-446fd6cd2d0e,521b34c2-711e-447a-88b1-40d77888c99b,23,192,2026-01-21 16:00:00,2026-05-31 21:00:00,7.3478260869565215,9.0,8.347826086956522,0.6890434782608696,0.7391304347826086,8,131,0.34782608695652173,disfuncion_ejecutiva,general_distress
40cde2b1-a647-4cb0-8c9a-adebe1bab0cb,96c224b6-0ccd-4143-90dc-fef450b4d6f6,23,154,2026-01-28 18:38:00,2026-05-31 20:38:00,5.695652173913044,3.0,6.695652173913044,0.716,0.6956521739130435,10,124,0.43478260869565216,crisis_activa,meltdown
421c9053-ff4a-48bb-8980-6b97ffc74c1c,49a7f135-718b-48ed-a99e-784c114474ea,23,162,2026-03-19 20:56:00,2026-05-31 00:00:00,6.043478260869565,3.0,7.043478260869565,0.6881739130434782,0.5652173913043478,4,73,0.17391304347826086,apoyo_general,general_distress
42233187-9ab3-4290-ad23-ffa842a57980,f4a05518-2e09-4b96-b9e5-973f603427a2,23,186,2026-01-15 09:34:00,2026-05-31 21:00:00,7.086956521739131,3.0,8.08695652173913,0.6944782608695652,0.7391304347826086,5,137,0.21739130434782608,crisis_activa,general_distress
42a50aad-ceca-445b-aee9-e0375a8fb49f,c94fe830-7560-4fbf-8269-b58a0071e4ed,23,180,2026-03-26 14:16:00,2026-05-31 21:00:00,6.826086956521739,9.0,7.826086956521739,0.6584782608695652,0.6521739130434783,8,67,0.34782608695652173,apoyo_general,general_distress
42b884fb-7576-4616-b9f1-0ba666a182be,00578b00-607d-44c6-8709-2b136f93b209,23,148,2026-04-06 12:05:00,2026-05-31 21:00:00,5.434782608695652,3.0,6.434782608695652,0.7241739130434782,0.6521739130434783,10,56,0.43478260869565216,disfuncion_ejecutiva,general_distress
43aac72d-6f79-4194-9aaa-e577a4d51504,e5c4360a-2180-4430-8043-b0154986f0bf,23,180,2026-01-25 11:01:00,2026-05-31 21:00:00,6.826086956521739,9.0,7.826086956521739,0.662,0.6956521739130435,5,127,0.21739130434782608,apoyo_general,executive_dysfunction
44551dbf-ca93-44ca-9dc3-38a333db55d0,c1c92cd7-c7d9-45d1-850c-8671d6202ef5,23,150,2026-01-28 09:38:00,2026-05-31 21:00:00,5.521739130434782,3.0,6.521739130434782,0.6553478260869565,0.6086956521739131,5,124,0.21739130434782608,crisis_activa,shutdown
446a34d6-1983-4346-b506-9d81d3f0a2af,606b9223-b376-4385-8fd9-daf90bdecd30,23,146,2026-03-11 09:19:00,2026-05-31 21:00:00,5.3478260869565215,3.0,6.3478260869565215,0.6641739130434783,0.5652173913043478,7,82,0.30434782608695654,apoyo_general,emotional_dysregulation
45ba3015-110c-405a-bcdc-6c6ead1c16d9,120780d6-c0cf-426e-b2fa-3c3b31e69578,23,192,2026-04-09 14:32:00,2026-05-31 21:00:00,7.3478260869565215,9.0,8.347826086956522,0.6622173913043479,0.391304347826087,7,53,0.30434782608695654,sueno_regulacion,general_distress
462fdfa5-0fca-405a-b531-f3218704b4b2,b02a0a57-eb17-40ba-814f-34255899243a,23,172,2026-05-18 16:09:00,2026-05-31 21:00:00,6.478260869565218,3.0,7.478260869565218,0.6539565217391304,0.6086956521739131,11,14,0.4782608695652174,disfuncion_ejecutiva,general_distress
46aa23c8-3d52-46b6-846b-33a5ae6091b8,81b2ec0a-ce1e-433a-a2a1-c8e3150cea03,23,140,2026-05-23 17:51:00,2026-05-31 02:00:00,5.086956521739131,3.0,6.086956521739131,0.6537391304347826,0.6521739130434783,8,8,0.34782608695652173,apoyo_general,general_distress
46dc21de-eac2-4f76-aa5f-ea02c062fc46,05a8edf5-5b33-4d65-994d-f11a0c6a081b,23,142,2026-03-17 16:51:00,2026-05-31 21:00:00,5.173913043478261,3.0,6.173913043478261,0.6962173913043479,0.6956521739130435,7,76,0.30434782608695654,apoyo_general,general_distress
4aea8578-f11f-4cda-befa-c49409b9e347,531cf2cb-7ee1-48e4-9f79-fbebdcc77f1c,23,142,2026-01-23 20:52:00,2026-05-31 21:00:00,5.173913043478261,3.0,6.173913043478261,0.7362173913043478,0.7391304347826086,5,129,0.21739130434782608,apoyo_general,general_distress
4af5fd77-157f-484a-9fab-fe262b72bd43,00916892-3bb7-4e8e-8cd2-81f4079e5e03,23,178,2026-05-20 13:35:00,2026-05-31 21:00:00,6.739130434782608,3.0,7.739130434782608,0.6652173913043479,0.5217391304347826,4,12,0.17391304347826086,crisis_activa,general_distress
4c60a0bf-988f-41a7-bcdf-fe5f599c6b6f,ad277f2b-249d-4b05-b999-65f57cc29cda,23,178,2026-03-17 15:43:00,2026-05-31 21:00:00,6.739130434782608,3.0,7.739130434782608,0.6899130434782609,0.6956521739130435,9,76,0.391304347826087,apoyo_general,general_distress
4d08d1e4-a307-4f86-9199-308886924505,d0ab50d0-03b3-4fd9-ac7b-dbf3ce482d4c,23,172,2026-04-16 10:23:00,2026-05-31 11:47:00,6.478260869565218,3.0,7.478260869565218,0.6673043478260869,0.6521739130434783,5,46,0.21739130434782608,crisis_activa,general_distress
4d24738a-b4e1-4bcb-a1e8-68ac77e73d1a,ccf3b701-1e3f-4db5-bc96-bc160f02af3a,23,248,2026-05-06 08:35:00,2026-05-31 21:00:00,9.782608695652174,11.0,10.782608695652174,0.6670869565217391,0.4782608695652174,9,26,0.391304347826087,crisis_activa,general_distress
4ec26eed-77bf-443e-a7c0-e4566b30ccab,3d39d95d-cb93-4806-9d26-f3a7e7824a68,23,150,2026-05-01 17:56:00,2026-05-31 21:00:00,5.521739130434782,3.0,6.521739130434782,0.6564782608695652,0.6956521739130435,5,31,0.21739130434782608,sobrecarga_sensorial,general_distress
4fb78ecd-3f6c-487d-8b97-186ffb11122a,615f956a-c2af-4250-bb0b-5c7754e01ea0,23,156,2026-03-15 10:38:00,2026-05-31 21:00:00,5.782608695652174,3.0,6.782608695652174,0.6217826086956522,0.4782608695652174,7,78,0.30434782608695654,crisis_activa,general_distress
515b036e-884b-4d5a-93df-138fdc9cfa2b,f2139b33-864b-417c-a9eb-98b5e13532fb,23,192,2026-04-01 15:50:00,2026-05-31 21:00:00,7.3478260869565215,9.0,8.347826086956522,0.6766521739130436,0.6086956521739131,5,61,0.21739130434782608,crisis_activa,meltdown
55089e60-d46f-4ebc-8689-74e4f6cf47b3,d368f7fe-026e-435a-8af6-0dfabcd2ca8b,23,214,2026-05-06 15:34:00,2026-05-31 21:00:00,8.304347826086957,9.0,9.304347826086957,0.6407391304347826,0.391304347826087,3,26,0.13043478260869565,sobrecarga_cuidador,general_distress
554b8716-ab8a-4c3b-ae3b-5182fbcc95a7,8e8aa8e0-f6ec-4fff-bc91-ecf0ef1b6426,23,156,2026-01-22 17:51:00,2026-05-31 21:00:00,5.782608695652174,3.0,6.782608695652174,0.7185652173913044,0.4782608695652174,8,130,0.34782608695652173,apoyo_general,general_distress
56a85926-0924-4de8-bef0-c8dba9162ff5,28655869-f613-4da2-bae7-ff929288be28,23,148,2026-03-30 08:04:00,2026-05-31 08:40:00,5.434782608695652,3.0,6.434782608695652,0.6112608695652174,0.5217391304347826,7,63,0.30434782608695654,crisis_activa,meltdown
597ac3d1-71f2-4d28-99fd-c8425ef1688e,ebc2601e-74af-44c5-9cc8-71442621450c,23,166,2026-01-09 09:11:00,2026-05-31 21:00:00,6.217391304347826,3.0,7.217391304347826,0.6853478260869565,0.6086956521739131,10,143,0.43478260869565216,apoyo_general,general_distress
5b4e80aa-994f-4fe8-91db-b442768dc08f,6472b608-cca5-4456-a325-f099b35cd0a8,23,172,2026-01-21 13:11:00,2026-05-31 21:00:00,6.478260869565218,9.0,7.478260869565218,0.622695652173913,0.6521739130434783,3,131,0.13043478260869565,sueno_regulacion,general_distress
5c6f1713-177c-49eb-86fd-6c1ac9347741,6fb309e3-bbef-44f3-9fa7-614f386ee1c2,23,132,2026-01-28 10:58:00,2026-05-31 08:00:00,4.739130434782608,3.0,5.739130434782608,0.6990869565217391,0.7391304347826086,8,123,0.34782608695652173,crisis_activa,general_distress
5fcdb233-94a0-4056-85dd-484fb989fa79,dd9b6398-bf04-4967-87ca-635dcaf72460,23,172,2026-05-16 11:31:00,2026-05-31 21:00:00,6.478260869565218,3.0,7.478260869565218,0.6575217391304348,0.7391304347826086,7,16,0.30434782608695654,apoyo_general,executive_dysfunction
603a10ed-54b9-45db-9f4b-de880057ff79,41f00d17-50c9-43bd-9ded-161c098b7d70,23,164,2026-03-27 16:21:00,2026-05-31 00:00:00,6.130434782608695,3.0,7.130434782608695,0.6724782608695652,0.5217391304347826,4,65,0.17391304347826086,apoyo_general,general_distress
616deb2c-4a7e-4645-ac7e-568d89c5ea47,5aa81779-a944-440a-82bd-6a18bf88a5f9,23,196,2026-04-17 15:17:00,2026-05-31 21:00:00,7.521739130434782,9.0,8.521739130434783,0.6182173913043478,0.43478260869565216,7,45,0.30434782608695654,crisis_activa,general_distress
6340c30f-8b5b-4d32-8039-1e311ffb1075,ea45fd99-725d-4d91-9778-301490c11bec,23,178,2026-02-28 10:46:00,2026-05-31 21:00:00,6.739130434782608,3.0,7.739130434782608,0.6965652173913044,0.6521739130434783,8,93,0.34782608695652173,apoyo_general,general_distress
6364960e-3215-41da-a19a-a27c8112eb7a,88ac33ed-c268-456e-9683-8e3bd374dcfb,23,178,2026-04-25 12:01:00,2026-05-31 21:00:00,6.739130434782608,3.0,7.739130434782608,0.8035217391304349,0.8260869565217391,9,37,0.391304347826087,crisis_activa,shutdown
64010efc-8274-49b5-81d5-b81ffa68199a,78df1dc7-ae73-47b0-8ba2-a5601d908644,23,176,2026-03-22 15:53:00,2026-05-31 21:00:00,6.6521739130434785,9.0,7.6521739130434785,0.5597391304347826,0.4782608695652174,10,71,0.43478260869565216,sueno_regulacion,general_distress
640a32a0-9ec2-4649-aefc-30e6b627bd41,5b6e5f39-2c62-4c3e-83f9-445f29528d75,23,170,2026-04-01 11:03:00,2026-05-31 21:00:00,6.391304347826087,3.0,7.391304347826087,0.73,0.6956521739130435,11,61,0.4782608695652174,apoyo_general,general_distress
6516c9f5-9d32-43ef-8fcf-3ce0fffa3472,269d82a3-018c-4c08-a87e-4de2fb3c7094,23,192,2026-03-05 19:55:00,2026-05-31 21:00:00,7.3478260869565215,9.0,8.347826086956522,0.7571739130434783,0.7391304347826086,5,88,0.21739130434782608,sobrecarga_sensorial,general_distress
664b32fe-66a8-43a7-ae6f-d6db18b24fff,0f8b7f3b-63ab-44ae-a2c2-fc9f0b10dde0,23,170,2026-03-14 11:56:00,2026-05-31 21:00:00,6.391304347826087,3.0,7.391304347826087,0.7179130434782609,0.6521739130434783,8,79,0.34782608695652173,apoyo_general,general_distress
669609ff-54c3-4f7c-b479-68e3a02fb4c8,025bba66-5f6d-4b4e-bd01-ee3a9c8f7195,23,144,2026-03-15 11:41:00,2026-05-31 21:00:00,5.260869565217392,3.0,6.260869565217392,0.671695652173913,0.6956521739130435,12,78,0.5217391304347826,apoyo_general,executive_dysfunction
6757a44b-9b38-49ba-9f05-27fb844cb020,661b179f-e049-4dc4-96c6-7b54ecc30391,23,148,2026-02-22 10:40:00,2026-05-30 21:00:00,5.434782608695652,3.0,6.434782608695652,0.6881739130434782,0.8695652173913043,11,98,0.4782608695652174,apoyo_general,general_distress
676a059e-b867-4351-802a-2faecd906915,dcf187c5-49ca-4d0a-ae63-41e478202535,23,134,2026-02-19 12:30:00,2026-05-31 21:00:00,4.826086956521739,3.0,5.826086956521739,0.6581304347826087,0.391304347826087,9,102,0.391304347826087,crisis_activa,general_distress
67824c90-7666-4827-ae22-08871117756b,496b803b-6887-4d2b-85cb-bd940a913f0a,23,190,2026-03-27 20:38:00,2026-05-31 21:00:00,7.260869565217392,9.0,8.26086956521739,0.6891304347826087,0.6956521739130435,9,66,0.391304347826087,apoyo_general,shutdown
6b250bbf-6ea6-42d7-ac1a-e715215ed167,e7bfc81a-b82c-4828-8c9f-5d5cccf09396,23,188,2026-01-17 16:52:00,2026-05-31 03:00:00,7.173913043478261,3.0,8.173913043478262,0.6461304347826087,0.6086956521739131,10,134,0.43478260869565216,apoyo_general,general_distress
6de7afcf-3f18-4f11-94d1-55afc0aeefba,cbe32f90-e670-4f47-be07-1f581b613d94,23,200,2026-03-10 09:49:00,2026-05-31 11:06:00,7.695652173913044,9.0,8.695652173913043,0.6640869565217392,0.6956521739130435,8,83,0.34782608695652173,apoyo_general,general_distress
6f1d3747-ebd7-42a6-b206-15a99c39f01c,42052755-2ccd-4eb6-ba50-2a98fbe97317,23,160,2026-02-13 13:07:00,2026-05-31 21:00:00,5.956521739130435,3.0,6.956521739130435,0.6929565217391305,0.6521739130434783,6,108,0.2608695652173913,crisis_activa,emotional_dysregulation
6f1d6cba-d8bc-4eeb-b463-ce93f3b0d72a,4b4b5768-e503-40a6-a2d0-83ab72e09332,23,172,2026-05-01 18:51:00,2026-05-31 21:00:00,6.478260869565218,3.0,7.478260869565218,0.7262173913043478,0.4782608695652174,9,31,0.391304347826087,sobrecarga_sensorial,shutdown
6fb31ec5-2fd5-4795-bcd3-74c5c0f0edb9,bb0123cd-4a74-4496-9126-3ab70acf5f51,23,182,2026-01-25 13:09:00,2026-05-31 21:00:00,6.913043478260869,9.0,7.913043478260869,0.7075652173913044,0.6956521739130435,9,127,0.391304347826087,sueno_regulacion,general_distress
6fc2a463-0e65-44c9-9355-acb82f03e7f3,089532d8-883b-418b-93d5-da57fa4842c2,23,180,2026-04-03 20:22:00,2026-05-31 21:00:00,6.826086956521739,9.0,7.826086956521739,0.7425652173913043,0.43478260869565216,10,59,0.43478260869565216,sobrecarga_cuidador,general_distress
7096656a-0e08-4f7a-bc9c-37736af8e1c0,002dfe29-c5ba-4250-971d-557593e6af61,23,166,2026-01-09 18:40:00,2026-05-31 21:00:00,6.217391304347826,3.0,7.217391304347826,0.6717391304347826,0.5217391304347826,7,143,0.30434782608695654,sobrecarga_cuidador,general_distress
70f51822-c0c4-44ce-a746-524de4602df6,3c7b81de-ea2c-4d84-a9a6-3560d9056695,23,180,2026-04-23 18:47:00,2026-05-31 01:00:00,6.826086956521739,3.0,7.826086956521739,0.7255217391304348,0.8260869565217391,6,38,0.2608695652173913,sobrecarga_sensorial,general_distress
715d0761-a622-4544-854f-d6bb0ae9b91f,01f84486-4abe-485c-9c92-878ab8644900,23,132,2026-03-20 13:13:00,2026-05-31 21:00:00,4.739130434782608,3.0,5.739130434782608,0.6713478260869564,0.4782608695652174,10,73,0.43478260869565216,apoyo_general,general_distress
71921e6a-3568-4494-8d36-6636c0e09a0f,e19572ae-83f3-44dc-825d-fda620140fa8,23,164,2026-04-11 13:55:00,2026-05-31 21:00:00,6.130434782608695,3.0,7.130434782608695,0.6940434782608695,0.6086956521739131,5,51,0.21739130434782608,crisis_activa,shutdown
737e3281-f251-48ff-8371-77841448ee12,d3656810-3d5e-483e-a03f-c8a39ae699fb,23,184,2026-03-26 17:31:00,2026-05-31 03:00:00,7.0,3.0,8.0,0.6942608695652174,0.6086956521739131,5,66,0.21739130434782608,sobrecarga_cuidador,general_distress
742340e8-14b4-4dbe-ab50-50293dc7a133,a7ed81ab-cae3-4459-aa48-d966a93486ba,23,160,2026-01-11 12:47:00,2026-05-31 21:00:00,5.956521739130435,3.0,6.956521739130435,0.6487826086956522,0.6956521739130435,6,141,0.2608695652173913,sobrecarga_sensorial,general_distress
76bf3857-4864-47a6-9eff-bbdabe6c5769,08637f78-79d6-4927-a0cf-0288a0f7abbe,23,164,2026-05-03 10:44:00,2026-05-31 21:00:00,6.130434782608695,3.0,7.130434782608695,0.6737826086956522,0.782608695652174,9,29,0.391304347826087,sobrecarga_cuidador,general_distress
78e2e23c-235a-4286-a712-59a54a77d42f,a5d4bc1d-ec18-4352-bbac-373f7e39e13d,23,174,2026-04-05 17:23:00,2026-05-31 21:00:00,6.565217391304348,3.0,7.565217391304348,0.6771739130434782,0.43478260869565216,8,57,0.34782608695652173,crisis_activa,shutdown
796c6dd6-d124-4ba4-bc2b-36f7f5bd96b8,86c3fc22-b60d-49dc-9e2d-045b68bdf9a0,23,146,2026-03-25 14:07:00,2026-05-31 03:00:00,5.3478260869565215,3.0,6.3478260869565215,0.6286521739130435,0.5652173913043478,8,67,0.34782608695652173,sobrecarga_cuidador,general_distress
7acdf96d-f0d6-47ef-a652-2296f18b05b7,922468b5-6a8d-4041-9001-775efa08c69d,23,154,2026-05-03 13:53:00,2026-05-31 21:00:00,5.695652173913044,3.0,6.695652173913044,0.6622608695652173,0.6521739130434783,8,29,0.34782608695652173,crisis_activa,shutdown
7b1ff7e5-ed74-4a36-9a20-71845011f89c,2ab2442d-04ec-4eb1-896a-d902c8a4e70d,23,170,2026-05-05 08:20:00,2026-05-31 20:24:00,6.391304347826087,3.0,7.391304347826087,0.6628695652173914,0.6086956521739131,10,27,0.43478260869565216,crisis_activa,general_distress
7b506d8d-d8de-4f77-a234-b88c5bb9a67f,72c651d3-cbfc-496c-b8c2-1ca8fff8d4c0,23,210,2026-05-14 13:14:00,2026-05-31 21:00:00,8.130434782608695,9.0,9.130434782608695,0.6884782608695652,0.6521739130434783,8,18,0.34782608695652173,apoyo_general,executive_dysfunction
7bdfb695-9442-4916-a0e4-edaeb98d8f19,09c813a6-c3bd-4c90-88c2-8579f07fb7aa,23,164,2026-02-11 08:42:00,2026-05-31 21:00:00,6.130434782608695,3.0,7.130434782608695,0.6401739130434783,0.5652173913043478,8,110,0.34782608695652173,sobrecarga_cuidador,general_distress
7cfe448f-0440-4b90-afb4-5d66315b675f,bf899728-ea83-48d8-8407-c49d76612570,23,192,2026-04-16 11:26:00,2026-05-31 21:00:00,7.3478260869565215,9.0,8.347826086956522,0.6973478260869566,0.5652173913043478,6,46,0.2608695652173913,sobrecarga_sensorial,shutdown
7e8fca47-dcbc-4631-b448-a02621f476ad,b36a0db2-305b-488f-8850-6a19061af89c,23,184,2026-03-17 17:31:00,2026-05-30 21:00:00,7.0,3.0,8.0,0.6795652173913044,0.5217391304347826,4,75,0.17391304347826086,crisis_activa,general_distress
7ebf7a46-7d17-47c9-9d80-c79e8946139f,9d661ebf-df39-49ae-becd-35530429f0c4,23,160,2026-04-25 10:27:00,2026-05-31 21:00:00,5.956521739130435,3.0,6.956521739130435,0.7261304347826087,0.5217391304347826,10,37,0.43478260869565216,sobrecarga_cuidador,general_distress
7f080bb1-4c5f-4d1c-9f8d-f8ef41790fe9,80e2c913-8667-4786-b886-d727c3898c51,23,160,2026-01-19 17:57:00,2026-05-30 21:00:00,5.956521739130435,3.0,6.956521739130435,0.6934782608695652,0.6086956521739131,8,132,0.34782608695652173,apoyo_general,emotional_dysregulation
7f6996a9-6603-4b7b-a83c-eae1577f949e,de1910f7-2f82-444a-9501-e599c1f45f7b,23,226,2026-04-29 13:42:00,2026-05-31 17:30:00,8.826086956521738,9.0,9.826086956521738,0.6668695652173914,0.5652173913043478,5,33,0.21739130434782608,sueno_regulacion,general_distress
80b65243-53c2-4b60-a3bd-c3b83daa3bf6,29d5ced7-3a52-46a4-aad7-ffd02fa4f1c9,23,162,2026-05-15 19:47:00,2026-05-31 14:24:00,6.043478260869565,3.0,7.043478260869565,0.6550434782608696,0.6956521739130435,5,16,0.21739130434782608,sobrecarga_sensorial,general_distress
81fa17dc-5222-4e22-bd27-c7209957fa2b,06738c57-403d-4108-a50d-5e053ae86e79,23,160,2026-04-05 17:43:00,2026-05-31 21:00:00,5.956521739130435,3.0,6.956521739130435,0.704695652173913,0.6086956521739131,8,57,0.34782608695652173,apoyo_general,emotional_dysregulation
851191ee-c54a-4898-bc9f-c92f0ac52466,ca34f56f-2ccd-40cd-a188-4269fb77520c,23,134,2026-03-20 18:11:00,2026-05-31 21:00:00,4.826086956521739,3.0,5.826086956521739,0.7525217391304347,0.6521739130434783,6,73,0.2608695652173913,disfuncion_ejecutiva,executive_dysfunction
866f0766-bcad-4179-a396-4655c028a0dd,188d7075-ea89-4911-bd69-8a3de9e7753a,23,164,2026-03-10 10:20:00,2026-05-31 21:00:00,6.130434782608695,3.0,7.130434782608695,0.6988695652173914,0.4782608695652174,6,83,0.2608695652173913,sobrecarga_cuidador,executive_dysfunction
86deb79a-93ee-4cfc-a8ca-6d86fca5b239,ce710f9d-ed33-4f5c-a79b-7eea219d41e3,23,142,2026-01-07 13:43:00,2026-05-31 21:00:00,5.173913043478261,3.0,6.173913043478261,0.6977826086956521,0.4782608695652174,11,145,0.4782608695652174,apoyo_general,general_distress
87a2467d-c7df-4ecb-a0f1-6da804506fc4,4defc9cb-e166-4455-a9ae-0bcf38b866a7,23,200,2026-05-24 13:11:00,2026-05-31 02:00:00,7.695652173913044,11.0,8.695652173913043,0.6926086956521739,0.4782608695652174,6,7,0.2608695652173913,sueno_regulacion,general_distress
87ab0957-aab8-435f-b662-3bb7645cfae2,71fcbf03-eace-4d8d-a4bf-a23c8c9dd38d,23,206,2026-03-20 17:14:00,2026-05-31 21:00:00,7.956521739130435,9.0,8.956521739130435,0.6065217391304347,0.6521739130434783,5,73,0.21739130434782608,sobrecarga_sensorial,meltdown
88163df5-ce67-45d3-bcad-f965197c50ed,5c10f632-9dcc-4670-9ddd-9d01b2519891,23,138,2026-01-28 14:05:00,2026-05-31 21:00:00,5.0,3.0,6.0,0.7293478260869565,0.7391304347826086,4,124,0.17391304347826086,sobrecarga_sensorial,general_distress
88a41a66-4c0b-498a-aec4-5fe747327b8f,4922bbad-f3f9-4750-a04b-14fb1f49541a,23,178,2026-04-16 10:43:00,2026-05-31 21:00:00,6.739130434782608,3.0,7.739130434782608,0.7177391304347825,0.6956521739130435,3,46,0.13043478260869565,crisis_activa,general_distress
88d2e80a-d86a-4aa7-b6ca-de6ff0699e4a,0060f4df-bb37-4fa1-a84d-daaeed13bf58,23,194,2026-05-01 20:19:00,2026-05-31 21:00:00,7.434782608695652,9.0,8.434782608695652,0.6654347826086956,0.8260869565217391,8,31,0.34782608695652173,apoyo_general,general_distress
88dbb747-a962-4724-8da7-c6df3bc28fd4,1b09e4a7-06b9-4ef2-aa21-a4a127ec248e,23,154,2026-02-04 13:14:00,2026-05-31 21:00:00,5.695652173913044,3.0,6.695652173913044,0.6983478260869566,0.5652173913043478,10,117,0.43478260869565216,sueno_regulacion,general_distress
89311746-9149-4040-a2d5-5b1e88984159,9a415c0b-3787-4081-a384-f3d94ec01197,23,182,2026-05-02 19:09:00,2026-05-31 21:00:00,6.913043478260869,3.0,7.913043478260869,0.6242173913043478,0.5217391304347826,8,30,0.34782608695652173,transicion_rigidez,shutdown
89ca1266-e534-4ffb-b585-b5eb2a87113e,da914566-beac-446d-be19-475f312d6377,23,150,2026-05-22 15:50:00,2026-05-31 12:54:00,5.521739130434782,3.0,6.521739130434782,0.6723478260869565,0.6521739130434783,6,9,0.2608695652173913,apoyo_general,general_distress
8a6ff92b-054a-4b3f-b57e-aced6d14bffb,dc13cbcd-62c7-4a2e-9bf2-3327279096d5,23,174,2026-04-05 20:04:00,2026-05-31 21:00:00,6.565217391304348,3.0,7.565217391304348,0.6664347826086956,0.6086956521739131,7,57,0.30434782608695654,apoyo_general,general_distress
8add0e61-58cf-40ba-855c-44ee8317752a,6cc9feab-6fac-4fa7-985e-8712bdea9211,23,164,2026-03-10 10:52:00,2026-05-31 05:00:00,6.130434782608695,3.0,7.130434782608695,0.6948695652173913,0.5652173913043478,11,82,0.4782608695652174,apoyo_general,general_distress
8b6bb981-4061-4c42-a459-18ac98fd8daa,1a184708-9882-42ea-8bf0-5f32d649c7fe,23,186,2026-04-23 16:56:00,2026-05-31 21:00:00,7.086956521739131,3.0,8.08695652173913,0.7687391304347827,0.7391304347826086,7,39,0.30434782608695654,apoyo_general,general_distress
8e2aa368-b3e0-4edd-b5be-89e4779573e4,15ccbd91-0e1e-4e1a-9ca2-1790cf8996ed,23,194,2026-01-14 17:52:00,2026-05-31 20:51:00,7.434782608695652,9.0,8.434782608695652,0.6475217391304348,0.5217391304347826,4,138,0.17391304347826086,crisis_activa,executive_dysfunction
8e2df62d-8b5b-4dcc-96af-166c275cbfb9,3b7024b1-4724-4882-a0ba-e883b876fff9,23,148,2026-03-11 14:42:00,2026-05-31 21:00:00,5.434782608695652,3.0,6.434782608695652,0.6912608695652175,0.7391304347826086,10,82,0.43478260869565216,sobrecarga_sensorial,meltdown
8eb78eb1-2c51-42fb-8109-782d19d43d14,032dcd07-c73f-450e-b4f5-f05f9c87151c,23,208,2026-03-25 19:34:00,2026-05-31 21:00:00,8.043478260869565,11.0,9.043478260869565,0.6438260869565218,0.6521739130434783,11,68,0.4782608695652174,disfuncion_ejecutiva,executive_dysfunction
8ed25ff7-a627-49a6-9386-c2adb93824c5,062b3329-cd6f-4fa8-a977-05390986dd7c,23,166,2026-03-11 11:03:00,2026-05-31 21:00:00,6.217391304347826,3.0,7.217391304347826,0.6515217391304348,0.43478260869565216,6,82,0.2608695652173913,crisis_activa,general_distress
8fbc457e-3ff8-4fb9-9c58-dfaeabef906b,5f87f5d8-55fe-431f-96a4-eaefb0a9da68,23,184,2026-05-01 11:35:00,2026-05-31 21:00:00,7.0,3.0,8.0,0.6548260869565218,0.5217391304347826,6,31,0.2608695652173913,crisis_activa,general_distress
9096c13e-9e89-41a3-89e1-d5764b91c6b1,f2a5044b-db77-4fbd-b1cb-daf92053760a,23,174,2026-04-01 20:04:00,2026-05-31 21:00:00,6.565217391304348,3.0,7.565217391304348,0.6650434782608695,0.5217391304347826,9,61,0.391304347826087,sobrecarga_cuidador,general_distress
90ccd0d6-3e7a-4c76-a73d-cea459a63311,17165b6f-db22-42b7-8245-a62c01e8f413,23,168,2026-05-26 09:28:00,2026-05-31 21:00:00,6.304347826086956,3.0,7.304347826086956,0.6182173913043478,0.34782608695652173,7,6,0.30434782608695654,disfuncion_ejecutiva,general_distress
918aede6-5c36-4c37-9848-c1e741078677,f8894c71-8d4f-4e43-80c1-4411a71dfcf7,23,204,2026-02-13 15:12:00,2026-05-31 21:00:00,7.869565217391305,9.0,8.869565217391305,0.679608695652174,0.4782608695652174,10,108,0.43478260869565216,apoyo_general,general_distress
93e29f41-9564-4114-a4e7-c7f4d566ab42,44e8a24a-029a-4572-8386-05f38b744352,23,178,2026-02-05 11:53:00,2026-05-31 21:00:00,6.739130434782608,9.0,7.739130434782608,0.6653913043478261,0.5652173913043478,8,116,0.34782608695652173,apoyo_general,general_distress
94aaef6f-a2f1-45e9-a5ca-b272cf569981,cc35ab50-9b2e-4809-ba99-2cc0b6dea2ac,23,164,2026-01-28 10:27:00,2026-05-31 21:00:00,6.130434782608695,3.0,7.130434782608695,0.6561304347826087,0.6086956521739131,6,124,0.2608695652173913,sobrecarga_sensorial,shutdown
96aad2d3-ec6e-4499-863f-c27120c99c37,e4a58377-5644-4dea-bcea-08ba5315f7fd,23,140,2026-03-22 12:44:00,2026-05-31 21:00:00,5.086956521739131,3.0,6.086956521739131,0.6411304347826087,0.43478260869565216,9,71,0.391304347826087,apoyo_general,general_distress
96d332ce-7cdb-4c78-9ee0-11f63858f2c3,cc8831f3-4d62-416a-9aab-95e329f386d4,23,158,2026-03-18 10:27:00,2026-05-31 21:00:00,5.869565217391305,3.0,6.869565217391305,0.6574347826086957,0.5652173913043478,6,75,0.2608695652173913,apoyo_general,emotional_dysregulation
97c8ff29-a9d4-4670-a52a-6b2ddc2e0a20,32f21ce3-03ff-463c-9559-cf825a9c0c35,23,144,2026-03-31 13:47:00,2026-05-31 03:00:00,5.260869565217392,3.0,6.260869565217392,0.6971304347826086,0.5652173913043478,6,61,0.2608695652173913,sobrecarga_cuidador,general_distress
9941a961-1597-4482-85ac-c7f16b94abe7,32dc7604-03d8-4e3d-8f39-551943b58457,23,184,2026-04-02 08:08:00,2026-05-31 21:00:00,7.0,3.0,8.0,0.6558695652173914,0.5652173913043478,4,60,0.17391304347826086,crisis_activa,general_distress
99ecb23c-e421-411a-860e-300081713a9b,5edfb91a-d317-4931-8916-e508391bee7f,23,166,2026-04-20 12:33:00,2026-05-31 21:00:00,6.217391304347826,3.0,7.217391304347826,0.7239130434782608,0.782608695652174,3,42,0.13043478260869565,sueno_regulacion,general_distress
9a156313-2f5f-46d4-9d59-8bc9537ede49,bf8e9aca-7b9e-4875-80c2-455dc00128a3,23,180,2026-05-01 09:15:00,2026-05-30 21:00:00,6.826086956521739,3.0,7.826086956521739,0.6815217391304348,0.391304347826087,5,30,0.21739130434782608,apoyo_general,general_distress
9a9a09a3-5515-4657-9b0c-fb149bea0cf6,404fb6ad-d2d3-4d63-b05c-3b7675aae2fe,23,196,2026-03-23 18:58:00,2026-05-31 21:00:00,7.521739130434782,9.0,8.521739130434783,0.7028695652173913,0.7391304347826086,11,70,0.4782608695652174,sobrecarga_cuidador,general_distress
9ad4f651-17df-46a4-b1fe-3bed4ab1be88,d7537eb4-7689-4cbd-a0a0-236768b71ed5,23,196,2026-04-27 14:32:00,2026-05-31 21:00:00,7.521739130434782,9.0,8.521739130434783,0.7233043478260869,0.5217391304347826,9,35,0.391304347826087,disfuncion_ejecutiva,general_distress
9b01614e-f942-4167-bce5-8b9c91939bdf,71791d66-c194-41a8-afab-b392a846a967,23,212,2026-03-16 17:53:00,2026-05-31 21:00:00,8.217391304347826,9.0,9.217391304347826,0.704,0.6086956521739131,5,77,0.21739130434782608,sobrecarga_sensorial,shutdown
9c2a10ba-73ab-498a-bb28-9e2c24174028,604286c4-a04c-44a4-ad7c-128826fc404e,23,174,2026-03-18 16:15:00,2026-05-31 21:00:00,6.565217391304348,3.0,7.565217391304348,0.6396521739130435,0.6956521739130435,13,75,0.5652173913043478,disfuncion_ejecutiva,general_distress
9c567733-1364-4260-80d0-cbeb74300353,3bc9f409-8ad3-4dc9-8745-2e94f64804ab,23,158,2026-04-25 08:01:00,2026-05-31 21:00:00,5.869565217391305,3.0,6.869565217391305,0.6839999999999999,0.6521739130434783,8,37,0.34782608695652173,apoyo_general,emotional_dysregulation
9d13ab2f-5a88-4c3a-9c54-5b7175a03c58,32ad5b89-19bd-4701-a536-6dd041310a8e,23,198,2026-03-03 12:07:00,2026-05-31 21:00:00,7.608695652173913,9.0,8.608695652173912,0.7209565217391305,0.6086956521739131,10,90,0.43478260869565216,crisis_activa,executive_dysfunction
9dfa0590-8f77-4595-a67a-efaa62a82698,5dfc99a3-80e6-4b61-a0ae-70966903d650,23,174,2026-03-07 09:28:00,2026-05-31 21:00:00,6.565217391304348,9.0,7.565217391304348,0.6554347826086956,0.43478260869565216,5,86,0.21739130434782608,crisis_activa,emotional_dysregulation
9e4dea67-103a-4ac2-9505-30b245b48ae3,49e613e9-04a0-4e36-aa31-bdbd23ddc3fc,23,146,2026-04-27 12:26:00,2026-05-31 21:00:00,5.3478260869565215,3.0,6.3478260869565215,0.7247391304347827,0.7391304347826086,7,35,0.30434782608695654,sobrecarga_sensorial,general_distress
9ed61181-3d24-491e-8138-116b695b34ba,6b6c4d78-4b6d-4732-b73b-e3a9c4d3c7c7,23,208,2026-05-08 14:16:00,2026-05-31 21:00:00,8.043478260869565,11.0,9.043478260869565,0.6609130434782609,0.6521739130434783,7,24,0.30434782608695654,apoyo_general,general_distress
9f49af09-ba5f-46d6-8282-3883ebff3f28,640d5c9c-4c0d-40b2-9240-7ef8be5346dc,23,196,2026-05-26 21:00:00,2026-05-31 21:00:00,7.521739130434782,9.0,8.521739130434783,0.709608695652174,0.4782608695652174,9,6,0.391304347826087,transicion_rigidez,shutdown
a09e3ae8-ea58-4d1a-a197-691ce31888ad,5efb2feb-ee5f-4c0a-8895-fd626d651534,23,152,2026-04-02 18:13:00,2026-05-31 21:00:00,5.608695652173913,3.0,6.608695652173913,0.6316521739130435,0.391304347826087,4,60,0.17391304347826086,crisis_activa,meltdown
a1db19fe-057a-492f-967e-a3937d1427b1,c7062c11-cfe0-40eb-b0a4-620b1d097342,23,176,2026-03-01 16:54:00,2026-05-31 21:00:00,6.6521739130434785,3.0,7.6521739130434785,0.7348695652173913,0.7391304347826086,7,92,0.30434782608695654,crisis_activa,general_distress
a23b37d2-f123-4412-afe5-2dcd60000021,4c94bab9-da7d-4f9f-ae97-19f3a7270210,23,172,2026-01-07 18:35:00,2026-05-31 21:00:00,6.478260869565218,3.0,7.478260869565218,0.6188260869565217,0.5217391304347826,8,145,0.34782608695652173,sobrecarga_sensorial,general_distress
a29c48d0-82db-4785-9974-69fff77d632b,43efe0b7-dccf-4c97-9885-77056481b905,23,132,2026-02-21 15:30:00,2026-05-31 21:00:00,4.739130434782608,3.0,5.739130434782608,0.6737826086956522,0.6521739130434783,8,100,0.34782608695652173,sobrecarga_cuidador,general_distress
a4222ea9-d889-48ed-8e88-cc4db0e11b94,2d80a5d6-515f-4d3a-8160-7a1d9283eac0,23,158,2026-04-22 18:58:00,2026-05-31 21:00:00,5.869565217391305,3.0,6.869565217391305,0.6208695652173913,0.4782608695652174,11,40,0.4782608695652174,sueno_regulacion,sleep_disruption
a4860531-7601-4490-9c85-a6d114f09a01,771241a3-2b12-4784-a5ff-5edaad57c137,23,174,2026-02-06 19:57:00,2026-05-31 07:07:00,6.565217391304348,9.0,7.565217391304348,0.645,0.4782608695652174,11,114,0.4782608695652174,crisis_activa,shutdown
a4fdf2be-40ef-4074-977b-551a82a4099c,00f57023-b3a1-4d62-9c9f-21b573e778e0,23,172,2026-02-09 13:10:00,2026-05-31 21:00:00,6.478260869565218,3.0,7.478260869565218,0.6826521739130434,0.6086956521739131,5,112,0.21739130434782608,crisis_activa,meltdown
a5f05ba6-255b-4151-b54e-09ae654ac607,b31eb2f4-2347-49a3-9114-dfffb753eeaf,23,144,2026-01-13 10:48:00,2026-05-31 21:00:00,5.260869565217392,3.0,6.260869565217392,0.687304347826087,0.5217391304347826,10,139,0.43478260869565216,sobrecarga_cuidador,general_distress
a61e05b0-20cf-4dcf-9188-08a0454ffbc6,4384f166-3515-4e49-83c3-aa4ee400c240,23,196,2026-02-20 17:27:00,2026-05-31 21:00:00,7.521739130434782,9.0,8.521739130434783,0.6495652173913044,0.5217391304347826,4,101,0.17391304347826086,apoyo_general,general_distress
a663973a-16d3-49e1-9336-7118691390ac,449a32ae-597f-4ab4-b797-6b34d4e2d2f7,23,138,2026-02-07 10:04:00,2026-05-31 21:00:00,5.0,3.0,6.0,0.6430434782608695,0.7391304347826086,4,114,0.17391304347826086,sueno_regulacion,general_distress
a728d7d8-5d90-4164-a8ef-75ad64528216,9c58f5c0-2dce-48b1-8986-8aca6671139d,23,146,2026-04-07 20:58:00,2026-05-31 06:36:00,5.3478260869565215,3.0,6.3478260869565215,0.6510869565217391,0.6086956521739131,10,54,0.43478260869565216,disfuncion_ejecutiva,executive_dysfunction
a7eb8db6-ba83-4260-a5a0-2ddecaf68260,8a4fe204-9c81-4b6c-a6c8-e14ed232c1f5,23,176,2026-03-09 09:28:00,2026-05-31 21:00:00,6.6521739130434785,3.0,7.6521739130434785,0.6777391304347826,0.6956521739130435,8,84,0.34782608695652173,apoyo_general,general_distress
aacfc70d-6d36-467b-aa66-519caafcf0a8,4e0536fa-c404-4805-8459-1f361c3a660e,23,180,2026-04-01 17:56:00,2026-05-31 21:00:00,6.826086956521739,3.0,7.826086956521739,0.7784782608695653,0.6086956521739131,8,61,0.34782608695652173,apoyo_general,emotional_dysregulation
ab0729fe-94f5-4521-9e46-9be7470e922c,49fc9545-688e-479c-9d5b-4f82921fefbc,23,180,2026-04-10 19:12:00,2026-05-31 21:00:00,6.826086956521739,3.0,7.826086956521739,0.715695652173913,0.6086956521739131,8,52,0.34782608695652173,disfuncion_ejecutiva,general_distress
ab306618-f127-4631-9599-a5fc821c32e1,65e3b09b-efb4-479e-9658-7a6342ddad35,23,170,2026-05-07 15:28:00,2026-05-31 21:00:00,6.391304347826087,3.0,7.391304347826087,0.7243478260869566,0.8260869565217391,6,25,0.2608695652173913,apoyo_general,general_distress
ab4b3068-f7d4-48cb-a424-6bf4a51adb15,6518d857-de3c-46a6-9491-43b18b35fdf1,23,160,2026-04-27 13:58:00,2026-05-31 21:00:00,5.956521739130435,3.0,6.956521739130435,0.6412173913043479,0.43478260869565216,5,35,0.21739130434782608,crisis_activa,executive_dysfunction
ac39e2ba-d617-423d-8147-4792cae97e35,d9b52f2e-01a1-4efa-a5cb-f7cfcc6a13bd,23,176,2026-05-03 19:08:00,2026-05-31 21:00:00,6.6521739130434785,9.0,7.6521739130434785,0.6256956521739131,0.4782608695652174,12,29,0.5217391304347826,transicion_rigidez,executive_dysfunction
ac8136db-8080-4ad0-9778-dd42c8928287,81caba91-e515-4a18-8381-4f5159680a22,23,156,2026-04-05 17:01:00,2026-05-31 21:00:00,5.782608695652174,3.0,6.782608695652174,0.6001739130434782,0.43478260869565216,4,57,0.17391304347826086,apoyo_general,general_distress
ac9cbf88-9d5e-4a15-8237-b0a5d43c14bd,443c0a48-d934-4b05-b7bb-560f08a878b8,23,184,2026-02-08 09:57:00,2026-05-31 21:00:00,7.0,9.0,8.0,0.687304347826087,0.6086956521739131,8,113,0.34782608695652173,apoyo_general,general_distress
acd7d45c-b0dd-44b1-9cd1-40d889a44d36,b64281ad-59ef-4659-a156-69fdd7d79196,23,184,2026-01-28 15:47:00,2026-05-31 21:00:00,7.0,3.0,8.0,0.648913043478261,0.5652173913043478,9,124,0.391304347826087,apoyo_general,sensory_overload
acfef06c-8e37-47df-9806-5e52aee67e68,2630a26f-aec5-4902-92d2-e238356d3e61,23,174,2026-04-14 20:43:00,2026-05-31 21:00:00,6.565217391304348,3.0,7.565217391304348,0.6819565217391305,0.5652173913043478,6,48,0.2608695652173913,apoyo_general,general_distress
ae18da88-c7da-4e72-a331-844ad52c56e0,af8b8294-88fa-4296-82d9-c88402b5a547,23,154,2026-03-03 19:22:00,2026-05-31 05:00:00,5.695652173913044,3.0,6.695652173913044,0.7042173913043478,0.391304347826087,9,89,0.391304347826087,disfuncion_ejecutiva,executive_dysfunction
ae8358a1-766a-43f3-a023-f891365bbedb,d06a8e10-9178-4f15-b2c5-9ae65d22f024,23,194,2026-05-23 12:24:00,2026-05-31 21:00:00,7.434782608695652,9.0,8.434782608695652,0.6504782608695653,0.6086956521739131,6,9,0.2608695652173913,crisis_activa,general_distress
af1839cd-c731-46fe-ab8e-37f48fca6fcf,d9f9ee5f-ddb6-496f-b936-d7cd9b78f331,23,148,2026-04-05 09:02:00,2026-05-31 21:00:00,5.434782608695652,3.0,6.434782608695652,0.7033478260869565,0.6086956521739131,5,57,0.21739130434782608,crisis_activa,general_distress
af7388af-cf32-46d5-9074-f11c578b2dd3,456699b3-e25d-4ae7-9e4d-3a060d4d2898,23,186,2026-04-23 20:03:00,2026-05-31 21:00:00,7.086956521739131,3.0,8.08695652173913,0.6573913043478261,0.5652173913043478,6,39,0.2608695652173913,crisis_activa,meltdown
afeaa5c9-9c0c-416a-ad45-eb8cc2ff8fba,c854b7b3-d7f5-49d6-b147-a4b4ffe70587,23,180,2026-03-03 08:00:00,2026-05-31 21:00:00,6.826086956521739,9.0,7.826086956521739,0.6517826086956522,0.5652173913043478,7,90,0.30434782608695654,sobrecarga_cuidador,shutdown
b1620450-6abc-4812-a24e-6824cd8822e3,ed9b3593-cac7-4c26-966c-3e0dfc46d8e0,23,146,2026-02-28 13:18:00,2026-05-31 21:00:00,5.3478260869565215,3.0,6.3478260869565215,0.6631304347826087,0.5652173913043478,7,93,0.30434782608695654,sobrecarga_cuidador,general_distress
b197a060-ad07-4f9b-a70d-d822f75ac25c,e73582e2-ad23-4a03-a155-39d42014b356,23,150,2026-02-11 13:49:00,2026-05-31 21:00:00,5.521739130434782,3.0,6.521739130434782,0.6695217391304348,0.6521739130434783,10,110,0.43478260869565216,crisis_activa,general_distress
b19bd1c5-5cff-4d50-9357-6e6c46d2b366,9c77c4ff-098e-4855-b2a5-d7df93b939b4,23,160,2026-04-17 12:54:00,2026-05-31 01:00:00,5.956521739130435,3.0,6.956521739130435,0.6716086956521738,0.5217391304347826,8,44,0.34782608695652173,crisis_activa,executive_dysfunction
b2b46724-77d7-4b33-98f3-2f3314298b1d,14f9edf8-4dd7-4289-b95d-3803241beb59,23,146,2026-01-30 14:22:00,2026-05-31 21:00:00,5.3478260869565215,3.0,6.3478260869565215,0.7264782608695652,0.4782608695652174,6,122,0.2608695652173913,crisis_activa,general_distress
b46ce6d2-f4c3-4f0e-8b1f-14c753b07232,4631cff6-fc69-4776-afd5-a5b8b3ccc209,23,158,2026-01-10 17:20:00,2026-05-31 21:00:00,5.869565217391305,3.0,6.869565217391305,0.7212608695652173,0.782608695652174,12,142,0.5217391304347826,sobrecarga_sensorial,general_distress
b4b23c0f-c117-4cde-a64d-d898142db528,fe1dc6ec-1ea7-42ca-9665-4ebd65e10f52,23,172,2026-03-08 12:47:00,2026-05-31 21:00:00,6.478260869565218,3.0,7.478260869565218,0.7302173913043479,0.6086956521739131,7,85,0.30434782608695654,crisis_activa,meltdown
b725812f-efaf-4221-a1c9-77b3ae848ba4,8046678c-8447-44b6-85ab-9da99159ae10,23,188,2026-01-07 19:28:00,2026-05-31 21:00:00,7.173913043478261,9.0,8.173913043478262,0.7162608695652174,0.7391304347826086,9,145,0.391304347826087,apoyo_general,emotional_dysregulation
b8874cf5-f685-4622-9bf5-801106feb44f,2d9aa87a-f807-4da9-9a6a-c98c17270a58,23,146,2026-02-19 15:19:00,2026-05-31 21:00:00,5.3478260869565215,3.0,6.3478260869565215,0.6373043478260869,0.43478260869565216,12,102,0.5217391304347826,crisis_activa,general_distress
b88ae4ea-cf41-4705-82c1-8b0a5cc90d92,b7961779-2439-490c-82c0-90bca376d4d6,23,176,2026-02-10 12:02:00,2026-05-31 21:00:00,6.6521739130434785,3.0,7.6521739130434785,0.6799565217391305,0.6086956521739131,9,111,0.391304347826087,sobrecarga_sensorial,general_distress
bb844779-7042-4616-8b3c-d7bd921fbbde,f6bafba5-caae-4adf-a51d-c90de56797f0,23,150,2026-02-20 13:45:00,2026-05-31 05:41:00,5.521739130434782,3.0,6.521739130434782,0.7049130434782609,0.6956521739130435,8,100,0.34782608695652173,apoyo_general,general_distress
bbdc6e82-c96f-4323-84cf-ba5468547c07,0634a88f-0343-4fd7-9984-83d976a4c274,23,194,2026-03-11 11:02:00,2026-05-31 21:00:00,7.434782608695652,9.0,8.434782608695652,0.7066086956521739,0.6086956521739131,3,82,0.13043478260869565,crisis_activa,meltdown
bbf5f08d-1b3c-4d26-8144-169f7081a79d,40ed2c9e-85f0-4d85-a319-07ba0c1bbee8,23,206,2026-05-11 18:33:00,2026-05-31 21:00:00,7.956521739130435,9.0,8.956521739130435,0.6460869565217391,0.6086956521739131,6,21,0.2608695652173913,sobrecarga_cuidador,general_distress
bd4e14da-8c94-40a5-91ff-905d841a2622,30244cf0-7fe1-4286-99d3-7df00999715e,23,200,2026-02-06 20:33:00,2026-05-31 21:00:00,7.695652173913044,9.0,8.695652173913043,0.6358260869565218,0.6086956521739131,10,115,0.43478260869565216,apoyo_general,general_distress
bd5312f4-3bfe-4881-b458-0c90eddbc8fd,7972f859-1772-40eb-8316-d2faeb5edd70,23,192,2026-04-13 18:33:00,2026-05-31 21:00:00,7.3478260869565215,9.0,8.347826086956522,0.6594347826086956,0.391304347826087,8,49,0.34782608695652173,sueno_regulacion,general_distress
bd6b0438-c122-4d21-bb40-ce665cc03fda,6fe5f52e-55c6-479b-994f-c5943a854e5c,23,148,2026-04-13 17:30:00,2026-05-31 21:00:00,5.434782608695652,3.0,6.434782608695652,0.6989565217391305,0.5217391304347826,6,49,0.2608695652173913,sobrecarga_cuidador,burnout
be696610-6106-4104-86b5-1e60a9b4dd23,a72ad1e2-daa2-4f28-8ae5-82685b91b305,23,184,2026-05-20 10:21:00,2026-05-31 21:00:00,7.0,3.0,8.0,0.6976521739130435,0.6521739130434783,8,12,0.34782608695652173,apoyo_general,general_distress
c00fbb7b-8f05-4d04-941a-beb386ac11ee,ef86c818-faa5-4fd8-af4b-020aaa608874,23,176,2026-05-03 14:20:00,2026-05-31 21:00:00,6.6521739130434785,3.0,7.6521739130434785,0.633,0.5652173913043478,8,29,0.34782608695652173,sobrecarga_cuidador,shutdown
c079b869-56ed-42a7-9026-94eda889db84,f2200583-e6bb-49b6-b888-a763e79faeea,23,136,2026-05-26 21:00:00,2026-05-31 21:00:00,4.913043478260869,3.0,5.913043478260869,0.7053478260869565,0.782608695652174,6,6,0.2608695652173913,apoyo_general,executive_dysfunction
c25019f3-1716-4483-b2e2-aa2c237ba3c6,79220627-d31a-46e2-9fbf-c26b331c83ea,23,182,2026-04-26 20:04:00,2026-05-31 21:00:00,6.913043478260869,3.0,7.913043478260869,0.6934347826086956,0.6521739130434783,13,36,0.5652173913043478,crisis_activa,shutdown
c44f22b4-63a7-4060-a21b-82e9ac119271,37ac473f-9e51-44db-8023-8b68cef59f35,23,144,2026-04-24 19:04:00,2026-05-31 21:00:00,5.260869565217392,3.0,6.260869565217392,0.7701304347826088,0.782608695652174,8,38,0.34782608695652173,crisis_activa,shutdown
c5a1179e-a492-4240-b4ae-bd69ba8f7037,74631c3f-3508-4bc9-afce-e39cf4a2638b,23,190,2026-04-17 15:57:00,2026-05-31 21:00:00,7.260869565217392,9.0,8.26086956521739,0.7213478260869566,0.6521739130434783,9,45,0.391304347826087,transicion_rigidez,general_distress
c753551a-d6a4-4529-9d7b-46307a535d31,dc406497-06da-46a8-b2d4-25e31be2d79d,23,186,2026-01-23 15:01:00,2026-05-30 23:00:00,7.086956521739131,9.0,8.08695652173913,0.6925652173913044,0.5217391304347826,9,128,0.391304347826087,sobrecarga_cuidador,general_distress
c9e60fd0-c27c-47fc-b36b-0965e405db54,b625cc16-8033-4c71-ac28-37ab9d11e08d,23,172,2026-04-13 13:01:00,2026-05-31 21:00:00,6.478260869565218,3.0,7.478260869565218,0.6547826086956522,0.5652173913043478,10,49,0.43478260869565216,sobrecarga_cuidador,general_distress
c9fee3cc-8300-42b3-84ff-eb4a37cc7ce5,796b4deb-f206-49d1-ad60-c5d98edb7ce4,23,180,2026-05-02 14:20:00,2026-05-31 21:00:00,6.826086956521739,3.0,7.826086956521739,0.6477826086956522,0.5652173913043478,9,30,0.391304347826087,apoyo_general,general_distress
ca3d10e6-0d79-4151-9e3e-59d55f8d5ff4,08eb45c5-ad32-4348-aa08-5b1f5e7e09f0,23,176,2026-03-04 14:46:00,2026-05-31 21:00:00,6.6521739130434785,3.0,7.6521739130434785,0.718304347826087,0.6521739130434783,5,89,0.21739130434782608,apoyo_general,emotional_dysregulation
cabd734c-419f-4c8e-ab9a-1b200e593abe,bb64bfd0-2878-4d2c-a172-94d611568f82,23,164,2026-03-12 12:09:00,2026-05-31 21:00:00,6.130434782608695,3.0,7.130434782608695,0.7010000000000001,0.782608695652174,6,81,0.2608695652173913,sobrecarga_sensorial,general_distress
ce16f43c-bbb1-46c1-8f26-cdd5f49486b6,f8f108bd-264d-4215-a2da-145de0f557a2,23,162,2026-04-22 14:11:00,2026-05-31 21:00:00,6.043478260869565,3.0,7.043478260869565,0.7450869565217392,0.6956521739130435,3,40,0.13043478260869565,sobrecarga_cuidador,shutdown
ce8b9bf0-926c-4cc4-94cd-5e9ebfffb088,a7b00e82-25aa-446a-99d3-8f22b65f1a2a,23,188,2026-05-26 21:00:00,2026-05-31 21:00:00,7.173913043478261,9.0,8.173913043478262,0.6736521739130434,0.391304347826087,8,6,0.34782608695652173,sobrecarga_cuidador,general_distress
d1f2586a-8e48-43ef-8c0f-1566ae132398,2196c9dd-2113-4fb5-94ab-72bb32b250b2,23,156,2026-02-28 16:32:00,2026-05-31 21:00:00,5.782608695652174,3.0,6.782608695652174,0.6860434782608695,0.6086956521739131,3,93,0.13043478260869565,crisis_activa,general_distress
d237e2ed-efc4-46b6-9b11-086add8aead9,f447bb5b-8866-4316-8e24-f47bbd6412e3,23,186,2026-03-23 18:33:00,2026-05-31 21:00:00,7.086956521739131,3.0,8.08695652173913,0.7205652173913044,0.6521739130434783,7,70,0.30434782608695654,disfuncion_ejecutiva,emotional_dysregulation
d2bcd533-edea-4306-ba3d-6cf5835a4f7e,54e5bb1a-9426-4fa6-a161-423b1cf66bf1,23,128,2026-04-17 20:01:00,2026-05-31 21:00:00,4.565217391304348,3.0,5.565217391304348,0.7186956521739131,0.8260869565217391,7,45,0.30434782608695654,apoyo_general,executive_dysfunction
d4026127-66fd-47bb-abfc-ddd3e2f3801c,4e42a3f3-b238-4063-9e54-ab809c62c092,23,188,2026-05-26 18:42:00,2026-05-31 21:00:00,7.173913043478261,3.0,8.173913043478262,0.6585217391304348,0.5217391304347826,5,6,0.21739130434782608,sobrecarga_cuidador,general_distress
d4384c60-32b7-4fdc-9eab-2061e62e4982,3980b19a-515c-4e51-89fa-b5bfcb50aaaa,23,200,2026-04-15 15:59:00,2026-05-31 21:00:00,7.695652173913044,9.0,8.695652173913043,0.681,0.6086956521739131,9,47,0.391304347826087,disfuncion_ejecutiva,general_distress
d4f35426-b48c-4ccb-8a6f-ef83a9972bfa,a01c68eb-7f46-449e-855a-a20c619b6078,23,150,2026-03-01 19:24:00,2026-05-31 21:00:00,5.521739130434782,3.0,6.521739130434782,0.6377826086956522,0.5652173913043478,9,92,0.391304347826087,crisis_activa,emotional_dysregulation
d56d9f7e-3c29-4960-8e0a-43f7b68ae6e4,22e1674a-21ba-45ca-886f-4d49cab28ed1,23,164,2026-02-05 18:25:00,2026-05-31 21:00:00,6.130434782608695,3.0,7.130434782608695,0.6888260869565217,0.5652173913043478,5,116,0.21739130434782608,crisis_activa,meltdown
d691ff58-3270-4370-8017-5091091f2369,9143abc3-6961-4eb8-a76c-0468c6e4a505,23,208,2026-05-10 14:05:00,2026-05-31 21:00:00,8.043478260869565,9.0,9.043478260869565,0.6353913043478261,0.43478260869565216,8,22,0.34782608695652173,disfuncion_ejecutiva,general_distress
d6a9a228-4332-4e6b-94f9-7ac3b478f992,ffe4c2a2-d058-42b8-a494-9b1f62fcd14b,23,146,2026-04-25 09:00:00,2026-05-31 21:00:00,5.3478260869565215,3.0,6.3478260869565215,0.6798695652173913,0.6956521739130435,4,37,0.17391304347826086,disfuncion_ejecutiva,executive_dysfunction
d90744ce-8978-418d-889d-31e4cdd05fb4,0b2d6f23-271e-4476-9bfc-357b3f168ab1,23,162,2026-02-11 20:42:00,2026-05-31 21:00:00,6.043478260869565,3.0,7.043478260869565,0.679695652173913,0.6086956521739131,8,110,0.34782608695652173,sobrecarga_sensorial,meltdown
d9ca2074-6665-4fbe-8c3e-b9567736137d,b8daec1d-babc-4a78-8239-21dda7f572d6,23,156,2026-03-25 11:19:00,2026-05-31 21:00:00,5.782608695652174,3.0,6.782608695652174,0.6481304347826087,0.43478260869565216,7,68,0.30434782608695654,apoyo_general,general_distress
da6c7ab8-ebf7-4fb4-87d6-fc12e5d70c52,a2b9778d-26c6-4513-8e6d-e4a91b29b113,23,190,2026-01-30 16:33:00,2026-05-31 21:00:00,7.260869565217392,9.0,8.26086956521739,0.6920869565217391,0.6086956521739131,5,122,0.21739130434782608,crisis_activa,general_distress
db667ea9-a359-4945-8245-1db2d5ff8c68,db8016d2-e057-429e-8f8c-6b39f49905e4,23,176,2026-05-26 21:00:00,2026-05-31 21:00:00,6.6521739130434785,3.0,7.6521739130434785,0.582,0.391304347826087,8,6,0.34782608695652173,sobrecarga_sensorial,general_distress
dbbc5520-d492-49cb-aee2-e33d1f3acd31,9d28a664-dcef-4d1d-bde0-bca9b4ed1815,23,136,2026-04-28 08:04:00,2026-05-31 05:00:00,4.913043478260869,3.0,5.913043478260869,0.6751304347826087,0.5652173913043478,7,33,0.30434782608695654,crisis_activa,shutdown
dea6a23c-20c9-4a58-990f-b32aac6b1169,832dbc18-88d3-4472-a925-1e237f75dc87,23,178,2026-01-28 11:48:00,2026-05-31 21:00:00,6.739130434782608,3.0,7.739130434782608,0.6842173913043478,0.5217391304347826,7,124,0.30434782608695654,apoyo_general,general_distress
dfcffd5a-0c0d-48b5-bbbc-489ecc348a4d,9996b206-afa2-4a94-bdb9-ea34836b38d3,23,158,2026-01-08 08:24:00,2026-05-31 21:00:00,5.869565217391305,3.0,6.869565217391305,0.673608695652174,0.391304347826087,6,144,0.2608695652173913,sobrecarga_cuidador,executive_dysfunction
e079d960-64db-4402-a817-432db200291d,51ff3be8-703b-4cef-9fbd-b52be5b96ea7,23,146,2026-01-12 12:46:00,2026-05-31 04:00:00,5.3478260869565215,3.0,6.3478260869565215,0.6374782608695653,0.6956521739130435,10,139,0.43478260869565216,crisis_activa,emotional_dysregulation
e0b6bdac-0a4d-4c87-afd1-887f4475ad0a,860e2860-b0cf-4b22-9226-a248a3347de8,23,192,2026-04-02 15:23:00,2026-05-31 21:00:00,7.3478260869565215,9.0,8.347826086956522,0.6992173913043479,0.5652173913043478,5,60,0.21739130434782608,disfuncion_ejecutiva,general_distress
e0dedb37-352a-4bd8-a2c3-19047ab4d2ea,d517a75f-8915-4308-9797-9e48666bc747,23,128,2026-05-16 08:02:00,2026-05-31 21:00:00,4.565217391304348,3.0,5.565217391304348,0.6261304347826087,0.391304347826087,9,16,0.391304347826087,sobrecarga_sensorial,general_distress
e2438e06-0d3b-4c87-aa75-6ebe7d19cf13,412b44c8-c162-4356-8a7e-e52046889169,23,138,2026-04-26 19:42:00,2026-05-31 21:00:00,5.0,3.0,6.0,0.7502173913043478,0.6956521739130435,11,36,0.4782608695652174,crisis_activa,shutdown
e2c4fdcd-bec5-48f6-932b-5021069afc5e,a1c7813e-935f-4c91-864a-5f06296fe361,23,158,2026-05-05 17:08:00,2026-05-31 03:00:00,5.869565217391305,3.0,6.869565217391305,0.7174782608695651,0.782608695652174,9,26,0.391304347826087,apoyo_general,general_distress
e2d1458a-d75a-4097-87bd-9c03905f769c,1121a47e-b078-4dbd-9da8-9212e3ed675a,23,150,2026-03-07 15:58:00,2026-05-31 21:00:00,5.521739130434782,3.0,6.521739130434782,0.612,0.4782608695652174,4,86,0.17391304347826086,crisis_activa,emotional_dysregulation
e34dd82f-e0c5-45dd-8399-039d1406d8b6,bf9d8d97-321f-4ab2-a8ac-32344348caf0,23,174,2026-03-30 17:53:00,2026-05-31 21:00:00,6.565217391304348,3.0,7.565217391304348,0.7685217391304348,0.782608695652174,8,63,0.34782608695652173,apoyo_general,general_distress
e3ddddfc-4a0b-40f7-b1be-d9b611d061b8,61a55e01-53f6-43e2-a1ae-b00cc20f0754,23,174,2026-01-25 17:19:00,2026-05-31 21:00:00,6.565217391304348,3.0,7.565217391304348,0.6895217391304348,0.5652173913043478,9,127,0.391304347826087,disfuncion_ejecutiva,executive_dysfunction
e3fbcca2-2475-4ec6-99d7-2d68bca129cd,a6cdc06e-1174-4930-bf5a-765a7262b01d,23,154,2026-04-25 09:09:00,2026-05-31 21:00:00,5.695652173913044,3.0,6.695652173913044,0.7110434782608696,0.6521739130434783,5,37,0.21739130434782608,apoyo_general,general_distress
e53c06a6-7e9a-47a2-8ec0-f52fb15355c4,c158bad4-ed70-4292-a781-8cc9442f7c41,23,136,2026-03-06 12:09:00,2026-05-31 21:00:00,4.913043478260869,3.0,5.913043478260869,0.6611739130434783,0.6086956521739131,12,87,0.5217391304347826,crisis_activa,emotional_dysregulation
e567f6a9-5940-4125-9f3e-8b161538d3b4,e710876a-25bc-48d3-a422-f49c281e36aa,23,172,2026-02-05 19:52:00,2026-05-31 21:00:00,6.478260869565218,3.0,7.478260869565218,0.6507826086956522,0.43478260869565216,9,116,0.391304347826087,sobrecarga_sensorial,general_distress
e6ff2d8b-7d4e-44a6-a68f-061e7624dcb5,fd304e88-2c32-41dc-afef-6ddf82fa29e1,23,174,2026-02-12 08:46:00,2026-05-31 13:54:00,6.565217391304348,3.0,7.565217391304348,0.6438260869565218,0.43478260869565216,11,109,0.4782608695652174,apoyo_general,general_distress
e78d2a4c-c84e-4e06-8631-e0878e4df38f,84980125-56a4-4595-9c61-804cb1ed2bfb,23,172,2026-05-26 21:00:00,2026-05-31 21:00:00,6.478260869565218,3.0,7.478260869565218,0.6597826086956522,0.43478260869565216,9,6,0.391304347826087,crisis_activa,general_distress
e7f7306f-ee7a-475a-98b2-7237d089f915,283f7b7b-75da-4506-a0c8-401aee979bb8,23,168,2026-05-19 12:34:00,2026-05-31 21:00:00,6.304347826086956,3.0,7.304347826086956,0.706,0.7391304347826086,9,13,0.391304347826087,sobrecarga_cuidador,general_distress
e803708c-45f8-4bd5-b083-2df02e637f96,126d9767-84eb-4e26-82df-52489036f19b,23,210,2026-04-09 16:50:00,2026-05-31 21:00:00,8.130434782608695,9.0,9.130434782608695,0.6922173913043478,0.4782608695652174,9,53,0.391304347826087,sobrecarga_sensorial,general_distress
e85ba023-7ae6-4dd2-87de-c1a18a6cac5f,36dfbcf8-fa77-4bf7-b9d6-a9acea6252ae,23,182,2026-01-15 12:43:00,2026-05-31 21:00:00,6.913043478260869,9.0,7.913043478260869,0.6987391304347826,0.7391304347826086,7,137,0.30434782608695654,sobrecarga_cuidador,general_distress
e9ada85e-2844-4621-91da-a234c1b65638,4745f2f7-c5a1-41a5-b0f6-3474eabfab13,23,190,2026-02-24 17:48:00,2026-05-31 21:00:00,7.260869565217392,9.0,8.26086956521739,0.6592608695652175,0.6956521739130435,6,97,0.2608695652173913,sobrecarga_sensorial,general_distress
ea771dc0-dcea-48b5-8294-70c7b7a0393d,1e762d49-439e-4b0d-9d85-9f60285ac506,23,156,2026-05-26 21:00:00,2026-05-31 20:56:00,5.782608695652174,3.0,6.782608695652174,0.6433913043478261,0.5217391304347826,9,5,0.391304347826087,disfuncion_ejecutiva,general_distress
ec43e719-9d34-490b-a2e0-c9d09ac4f6d1,827779cc-e14f-4b3c-8094-2a3d6285787f,23,138,2026-02-04 20:18:00,2026-05-31 21:00:00,5.0,3.0,6.0,0.6595217391304348,0.5652173913043478,7,117,0.30434782608695654,sobrecarga_sensorial,meltdown
ec8fb1a8-fbee-4f56-b1bb-cb306f91e27d,0d2b705f-4edc-4621-8147-2441d8972f4f,23,150,2026-03-21 14:19:00,2026-05-31 21:00:00,5.521739130434782,3.0,6.521739130434782,0.6238260869565218,0.6521739130434783,3,72,0.13043478260869565,crisis_activa,general_distress
ecc7fd0f-c099-4120-83f8-b48c4d1e8a4e,0380aa17-34c0-4d89-abcf-644fa184d7bc,23,150,2026-05-26 21:00:00,2026-05-31 21:00:00,5.521739130434782,3.0,6.521739130434782,0.6671739130434782,0.6086956521739131,6,6,0.2608695652173913,sobrecarga_cuidador,shutdown
eda20260-af71-41fb-a5b2-4750c8c3e247,30eeda2e-4275-43f0-84f3-6323f5425f5b,23,188,2026-04-14 11:13:00,2026-05-31 21:00:00,7.173913043478261,9.0,8.173913043478262,0.6078695652173913,0.391304347826087,8,48,0.34782608695652173,sobrecarga_sensorial,shutdown
ee9766fe-c87e-4ecd-99e7-e21ebb4065ca,80bbf489-aa29-44a1-af15-8dcf6f66f075,23,168,2026-02-17 09:12:00,2026-05-31 21:00:00,6.304347826086956,3.0,7.304347826086956,0.7371739130434783,0.6956521739130435,5,104,0.21739130434782608,sobrecarga_sensorial,shutdown
eeb1155e-5408-4539-a2a1-e5bef6859bee,52d7da70-908b-46c2-8e66-1fa28c576008,23,142,2026-02-21 16:03:00,2026-05-31 21:00:00,5.173913043478261,3.0,6.173913043478261,0.6829565217391305,0.6956521739130435,5,100,0.21739130434782608,crisis_activa,meltdown
eee7a107-ffb7-47dd-997b-79749e3550e7,65b344b4-97b6-4439-a214-cd93978491ad,23,192,2026-03-16 12:41:00,2026-05-31 21:00:00,7.3478260869565215,9.0,8.347826086956522,0.6576521739130434,0.6086956521739131,7,77,0.30434782608695654,apoyo_general,general_distress
ef9df874-57d0-4295-828d-edfc008a109c,28d61edc-b031-4f03-a98b-0af3328b2f5e,23,200,2026-05-02 08:00:00,2026-05-31 21:00:00,7.695652173913044,9.0,8.695652173913043,0.6770869565217391,0.5217391304347826,9,30,0.391304347826087,sobrecarga_cuidador,general_distress
efbc102c-0f2d-49c3-ae6b-69ce4444c30f,0cc75037-fb2f-4633-a5e5-5d5e6ce4346f,23,174,2026-01-25 20:51:00,2026-05-31 21:00:00,6.565217391304348,3.0,7.565217391304348,0.7318260869565217,0.34782608695652173,8,127,0.34782608695652173,sobrecarga_cuidador,general_distress
f02149f5-5b92-42ff-bd36-36371ef9748d,4ef9a153-f413-4797-bb0c-8acc42815338,23,196,2026-01-11 20:20:00,2026-05-31 21:00:00,7.521739130434782,9.0,8.521739130434783,0.6662173913043479,0.5652173913043478,5,141,0.21739130434782608,crisis_activa,general_distress
f2409a81-15e6-4ce2-8e78-63f4821f3d57,c9eac66c-3113-42a3-907c-1753b1267ef6,23,146,2026-01-21 09:22:00,2026-05-31 21:00:00,5.3478260869565215,3.0,6.3478260869565215,0.6995217391304347,0.6956521739130435,11,131,0.4782608695652174,crisis_activa,shutdown
f456d1d6-d329-4fdd-ad65-6e4c0ff245be,9bc90a2e-c000-4ed9-977e-d10a484bb8d8,23,222,2026-01-06 11:28:00,2026-05-31 21:00:00,8.652173913043478,11.0,9.652173913043478,0.7007826086956521,0.6086956521739131,6,146,0.2608695652173913,apoyo_general,general_distress
f4fcf803-cd18-4055-aa4f-bc62520b9e5e,f70911ab-afee-4287-8941-a083bba734a6,23,170,2026-04-25 13:23:00,2026-05-31 14:50:00,6.391304347826087,3.0,7.391304347826087,0.6590434782608695,0.5652173913043478,7,37,0.30434782608695654,transicion_rigidez,shutdown
f509a459-0a44-4218-9ae8-2fdcd3fd98be,44e58e0f-8927-4b10-9390-6e1d3b9f1df2,23,206,2026-03-14 16:48:00,2026-05-31 21:00:00,7.956521739130435,9.0,8.956521739130435,0.7368695652173913,0.6086956521739131,9,79,0.391304347826087,apoyo_general,general_distress
f53a6c72-72a1-4e13-a11a-481eac48b348,d5b6971f-d9dc-483c-aa58-996616048b32,23,146,2026-04-07 08:43:00,2026-05-31 21:00:00,5.3478260869565215,3.0,6.3478260869565215,0.6932173913043479,0.6956521739130435,8,55,0.34782608695652173,sobrecarga_sensorial,general_distress
f5631582-e54d-4424-8994-06f8685274ed,45a507bc-cc66-49e3-8d2e-f817659c9cb8,23,160,2026-02-16 17:05:00,2026-05-31 21:00:00,5.956521739130435,3.0,6.956521739130435,0.6264347826086957,0.5652173913043478,12,105,0.5217391304347826,crisis_activa,meltdown
f566273e-f83c-40b3-86b9-1f07fefcb42f,a82d1a4c-8982-4435-b0c0-ed749655e442,23,142,2026-02-26 16:06:00,2026-05-31 21:00:00,5.173913043478261,3.0,6.173913043478261,0.6340434782608696,0.7391304347826086,6,95,0.2608695652173913,apoyo_general,general_distress
f65216e5-a793-4049-ac78-132bf1c66aa9,d7fbf05c-a99c-4289-9e40-c8baca486e9e,23,142,2026-05-22 13:45:00,2026-05-31 21:00:00,5.173913043478261,3.0,6.173913043478261,0.7395217391304348,0.6521739130434783,3,10,0.13043478260869565,apoyo_general,general_distress
f748a894-cb8a-4198-a284-a93352f93142,75f1d728-c4a6-481e-9487-e66833918917,23,136,2026-05-26 21:00:00,2026-05-31 03:00:00,4.913043478260869,3.0,5.913043478260869,0.6721304347826087,0.6086956521739131,5,5,0.21739130434782608,apoyo_general,executive_dysfunction
f8952b82-cc64-4e63-9fc4-80a847ac0170,a9a9ee6c-41c7-4fe2-9b8d-e282ff30ac29,23,178,2026-04-30 19:04:00,2026-05-31 21:00:00,6.739130434782608,3.0,7.739130434782608,0.5716086956521739,0.4782608695652174,11,32,0.4782608695652174,apoyo_general,general_distress
f8ae2882-392f-47bd-9ea0-96143fdc7fbf,35f81a22-0b66-409a-ae48-e7938e58170b,23,186,2026-01-24 18:48:00,2026-05-31 21:00:00,7.086956521739131,3.0,8.08695652173913,0.7174782608695651,0.5652173913043478,9,128,0.391304347826087,apoyo_general,executive_dysfunction
f97643f4-3a3f-4774-87ea-28014bda78e9,ac1a686c-5e3f-4b29-8eb5-492e9fb5fde0,23,124,2026-02-24 16:50:00,2026-05-31 21:00:00,4.391304347826087,3.0,5.391304347826087,0.6279130434782608,0.6086956521739131,10,97,0.43478260869565216,apoyo_general,executive_dysfunction
fb08059b-f33c-4f74-adb6-b8a24f4e6e23,080bcd83-84db-4119-923c-7208fad5d191,23,136,2026-05-21 15:09:00,2026-05-31 21:00:00,4.913043478260869,3.0,5.913043478260869,0.7165652173913044,0.6086956521739131,8,11,0.34782608695652173,sobrecarga_sensorial,general_distress
fbcc318b-408e-4cc2-bc63-6f92202c5966,2082e5f0-9e3a-4f4e-b938-098513018afb,23,138,2026-01-09 20:49:00,2026-05-31 21:00:00,5.0,3.0,6.0,0.6557391304347826,0.6086956521739131,8,143,0.34782608695652173,sobrecarga_cuidador,general_distress
fc1cd7da-cf3e-47fc-8d1e-eff3df3eacce,415d7458-8b39-48ae-ac48-a50cb73d23c8,23,170,2026-01-28 12:31:00,2026-05-31 21:00:00,6.391304347826087,3.0,7.391304347826087,0.64,0.5652173913043478,4,124,0.17391304347826086,sobrecarga_sensorial,general_distress
fd5d7249-e2ab-4544-9865-b7c311367196,da11cd22-5d20-4eb5-8d19-b5153f6b9ba3,23,156,2026-03-14 16:03:00,2026-05-31 21:00:00,5.782608695652174,3.0,6.782608695652174,0.6338260869565218,0.6086956521739131,8,79,0.34782608695652173,apoyo_general,general_distress
fdb2bfde-c518-4399-b28d-17afecfc120d,2222935f-adcd-4e7b-895e-61f5aa2fcdc9,23,174,2026-03-19 20:12:00,2026-05-31 21:00:00,6.565217391304348,3.0,7.565217391304348,0.721304347826087,0.6086956521739131,7,74,0.30434782608695654,sobrecarga_cuidador,general_distress
fec8781c-6f6c-4fd9-b20f-dd2c47fc42d8,886a317a-246d-4502-a9e7-1673ef0b5817,23,212,2026-04-01 18:28:00,2026-05-31 21:00:00,8.217391304347826,11.0,9.217391304347826,0.6944347826086956,0.5217391304347826,9,61,0.391304347826087,disfuncion_ejecutiva,shutdown
ff591414-24af-483f-9adc-e46e5dabadc2,62c406f6-1666-426d-bdc3-61a6c1bba2ff,23,186,2026-03-02 17:14:00,2026-05-31 21:00:00,7.086956521739131,3.0,8.08695652173913,0.6335652173913043,0.43478260869565216,7,91,0.30434782608695654,apoyo_general,general_distress
