family_id,unit_type,caregiver_alias,context_notes,support_network,environmental_factors,global_history,created_at,updated_at
dea6a23c-20c9-4a58-990f-b32aac6b1169,family,Cuidador Ana,cuidador principal con poca red de apoyo,poco apoyo,horarios variables,mejor respuesta cuando hay menos presión,2025-12-21T09:01:00,2025-12-21T09:01:00
e2c4fdcd-bec5-48f6-932b-5021069afc5e,family,Tutor Mateo,cuidador principal con poca red de apoyo,sin apoyo claro,cambios constantes de rutina,sin un patrón completamente claro,2025-12-06T15:24:00,2025-12-06T15:24:00
86deb79a-93ee-4cfc-a8ca-6d86fca5b239,individual,Cuidadora Valeria,varios cambios recientes,apoyo moderado,ruido frecuente en casa,"mejoría parcial con estructura, pero no sostenida",2025-12-12T10:34:00,2025-12-12T10:34:00
d4384c60-32b7-4fdc-9eab-2061e62e4982,family,Cuidador Santiago,sueño irregular y estrés escolar,apoyo variable,cambios constantes de rutina,mejor respuesta cuando hay menos presión,2025-12-02T14:46:00,2025-12-02T14:46:00
515b036e-884b-4d5a-93df-138fdc9cfa2b,family,Tutor Renata,sueño irregular y estrés escolar,red de apoyo limitada,poca red de apoyo,sin un patrón completamente claro,2025-12-09T11:42:00,2025-12-09T11:42:00
7b1ff7e5-ed74-4a36-9a20-71845011f89c,family,Cuidadora Camila,varios cambios recientes,red de apoyo limitada,traslados largos,mejor respuesta cuando hay menos presión,2025-12-22T11:25:00,2025-12-22T11:25:00
81fa17dc-5222-4e22-bd27-c7209957fa2b,family,Cuidador Emiliano,carga funcional alta y poco descanso,sin apoyo claro,traslados largos,mejor respuesta cuando hay menos presión,2025-12-28T09:29:00,2025-12-28T09:29:00
e6ff2d8b-7d4e-44a6-a68f-061e7624dcb5,family,Papá Lucía,familia con alta demanda emocional,red de apoyo limitada,traslados largos,sin un patrón completamente claro,2025-12-03T18:27:00,2025-12-03T18:27:00
46aa23c8-3d52-46b6-846b-33a5ae6091b8,family,Tutor Diego,sueño irregular y estrés escolar,sin apoyo claro,presión escolar,mejor respuesta cuando hay menos presión,2025-12-14T13:40:00,2025-12-14T13:40:00
d4f35426-b48c-4ccb-8a6f-ef83a9972bfa,family,Tutor Elena,dudas sobre diagnóstico y manejo cotidiano,sin apoyo claro,presión escolar,"mejoría parcial con estructura, pero no sostenida",2025-12-07T11:47:00,2025-12-07T11:47:00
6757a44b-9b38-49ba-9f05-27fb844cb020,family,Abuela Mariana,cuidador principal con poca red de apoyo,sin apoyo claro,ruido frecuente en casa,sin un patrón completamente claro,2025-12-24T13:38:00,2025-12-24T13:38:00
225df57f-e239-43f3-84cc-3016892bf288,family,Cuidador Sofía,dudas sobre diagnóstico y manejo cotidiano,red de apoyo limitada,traslados largos,historial con episodios de desregulación variable,2025-12-04T18:53:00,2025-12-04T18:53:00
7f6996a9-6603-4b7b-a83c-eae1577f949e,individual,Mamá Daniela,cuidador principal con poca red de apoyo,apoyo moderado,ruido frecuente en casa,mejor respuesta cuando hay menos presión,2025-12-28T13:54:00,2025-12-28T13:54:00
ab0729fe-94f5-4521-9e46-9be7470e922c,family,Tutor Paula,cuidador principal con poca red de apoyo,poco apoyo,poca red de apoyo,sin un patrón completamente claro,2025-12-01T18:25:00,2025-12-01T18:25:00
851191ee-c54a-4898-bc9f-c92f0ac52466,family,Cuidador Leonardo,sueño irregular y estrés escolar,poco apoyo,ruido frecuente en casa,sin un patrón completamente claro,2025-12-21T15:58:00,2025-12-21T15:58:00
177c312d-c315-4023-8a3b-d95a7eade0a9,family,Tía Andrea,sueño irregular y estrés escolar,red de apoyo limitada,ruido frecuente en casa,dificultades más visibles en periodos de cansancio,2025-12-05T08:22:00,2025-12-05T08:22:00
88d2e80a-d86a-4aa7-b6ca-de6ff0699e4a,family,Mamá Isabela,cuidador principal con poca red de apoyo,red de apoyo limitada,espacios reducidos,mejor respuesta cuando hay menos presión,2025-12-03T09:53:00,2025-12-03T09:53:00
a1db19fe-057a-492f-967e-a3937d1427b1,family,Papá Rafael,dudas sobre diagnóstico y manejo cotidiano,apoyo moderado,traslados largos,sin un patrón completamente claro,2025-12-22T09:17:00,2025-12-22T09:17:00
d1f2586a-8e48-43ef-8c0f-1566ae132398,family,Abuela Regina,familia con alta demanda emocional,sin apoyo claro,horarios variables,mejor respuesta cuando hay menos presión,2025-12-13T12:47:00,2025-12-13T12:47:00
9b01614e-f942-4167-bce5-8b9c91939bdf,individual,Cuidador Natalia,varios cambios recientes,red de apoyo limitada,presión escolar,historial con episodios de desregulación variable,2025-12-08T15:28:00,2025-12-08T15:28:00
96aad2d3-ec6e-4499-863f-c27120c99c37,family,Tutor Gael,sueño irregular y estrés escolar,sin apoyo claro,cambios constantes de rutina,sin un patrón completamente claro,2025-12-22T11:28:00,2025-12-22T11:28:00
19f4dc6f-ef37-4eeb-974c-07d766eac932,individual,Papá Victoria,sueño irregular y estrés escolar,red de apoyo limitada,horarios variables,"mejoría parcial con estructura, pero no sostenida",2025-12-27T10:35:00,2025-12-27T10:35:00
f748a894-cb8a-4198-a284-a93352f93142,family,Tutor Emilia,cuidador principal con poca red de apoyo,red de apoyo limitada,presión escolar,"mejoría parcial con estructura, pero no sostenida",2025-12-09T08:48:00,2025-12-09T08:48:00
afeaa5c9-9c0c-416a-ad45-eb8cc2ff8fba,family,Mamá Carolina,carga funcional alta y poco descanso,sin apoyo claro,traslados largos,mejor respuesta cuando hay menos presión,2025-12-21T12:15:00,2025-12-21T12:15:00
4ec26eed-77bf-443e-a7c0-e4566b30ccab,individual,Tía Fernanda,varios cambios recientes,apoyo variable,presión escolar,dificultades más visibles en periodos de cansancio,2025-12-23T11:22:00,2025-12-23T11:22:00
ef9df874-57d0-4295-828d-edfc008a109c,family,Abuela Jimena,varios cambios recientes,apoyo variable,espacios reducidos,historial con episodios de desregulación variable,2025-12-08T10:52:00,2025-12-08T10:52:00
3176bbc2-bdc8-42ad-ae99-a779fab93272,family,Cuidadora Aitana,sueño irregular y estrés escolar,apoyo moderado,presión escolar,mejor respuesta cuando hay menos presión,2025-12-20T16:08:00,2025-12-20T16:08:00
715d0761-a622-4544-854f-d6bb0ae9b91f,individual,Cuidadora Alexa,varios cambios recientes,apoyo variable,presión escolar,"mejoría parcial con estructura, pero no sostenida",2025-12-10T09:36:00,2025-12-10T09:36:00
88dbb747-a962-4724-8da7-c6df3bc28fd4,family,Tía Montserrat,varios cambios recientes,apoyo variable,poca red de apoyo,sin un patrón completamente claro,2025-12-05T16:29:00,2025-12-05T16:29:00
ac39e2ba-d617-423d-8147-4792cae97e35,family,Cuidadora Abril,dudas sobre diagnóstico y manejo cotidiano,sin apoyo claro,espacios reducidos,dificultades más visibles en periodos de cansancio,2025-12-03T17:07:00,2025-12-03T17:07:00
8a6ff92b-054a-4b3f-b57e-aced6d14bffb,family,Papá Clara,familia con alta demanda emocional,apoyo moderado,ruido frecuente en casa,dificultades más visibles en periodos de cansancio,2025-12-15T13:09:00,2025-12-15T13:09:00
9a156313-2f5f-46d4-9d59-8bc9537ede49,family,Cuidador Sebastián,dudas sobre diagnóstico y manejo cotidiano,apoyo variable,ruido frecuente en casa,sin un patrón completamente claro,2025-12-21T09:59:00,2025-12-21T09:59:00
acd7d45c-b0dd-44b1-9cd1-40d889a44d36,family,Mamá Luna,carga funcional alta y poco descanso,apoyo variable,ruido frecuente en casa,mejor respuesta cuando hay menos presión,2025-12-15T10:46:00,2025-12-15T10:46:00
eee7a107-ffb7-47dd-997b-79749e3550e7,family,Papá Bruno,dudas sobre diagnóstico y manejo cotidiano,poco apoyo,ruido frecuente en casa,dificultades más visibles en periodos de cansancio,2025-12-03T15:54:00,2025-12-03T15:54:00
a23b37d2-f123-4412-afe5-2dcd60000021,family,Abuela Maya,sueño irregular y estrés escolar,apoyo moderado,poca red de apoyo,mejor respuesta cuando hay menos presión,2025-12-10T15:23:00,2025-12-10T15:23:00
28926661-61b3-4991-bdf2-ce2340e77935,family,Mamá Diana,sueño irregular y estrés escolar,sin apoyo claro,espacios reducidos,mejor respuesta cuando hay menos presión,2025-12-13T12:52:00,2025-12-13T12:52:00
db667ea9-a359-4945-8245-1db2d5ff8c68,family,Cuidador Laura,carga funcional alta y poco descanso,apoyo variable,poca red de apoyo,sin un patrón completamente claro,2025-12-03T09:53:00,2025-12-03T09:53:00
acfef06c-8e37-47df-9806-5e52aee67e68,family,Cuidador Nicolás,carga funcional alta y poco descanso,sin apoyo claro,espacios reducidos,mejor respuesta cuando hay menos presión,2025-12-10T09:11:00,2025-12-10T09:11:00
2165daf4-d683-4f3d-9290-8694bff46165,family,Papá Sara,cuidador principal con poca red de apoyo,apoyo moderado,espacios reducidos,mejor respuesta cuando hay menos presión,2025-12-25T11:13:00,2025-12-25T11:13:00
e3fbcca2-2475-4ec6-99d7-2d68bca129cd,family,Tutor Julia,familia con alta demanda emocional,poco apoyo,pantallas por la noche,"mejoría parcial con estructura, pero no sostenida",2025-12-03T10:37:00,2025-12-03T10:37:00
fdb2bfde-c518-4399-b28d-17afecfc120d,family,Abuela Ivanna,sueño irregular y estrés escolar,apoyo moderado,horarios variables,"mejoría parcial con estructura, pero no sostenida",2025-12-05T14:55:00,2025-12-05T14:55:00
2b7fc46c-c93b-4fc1-83d0-bd8821b279fd,family,Cuidador Samuel,carga funcional alta y poco descanso,apoyo moderado,pantallas por la noche,"mejoría parcial con estructura, pero no sostenida",2025-12-09T16:04:00,2025-12-09T16:04:00
45ba3015-110c-405a-bcdc-6c6ead1c16d9,family,Abuela Romina,cuidador principal con poca red de apoyo,red de apoyo limitada,horarios variables,dificultades más visibles en periodos de cansancio,2025-12-21T08:21:00,2025-12-21T08:21:00
b8874cf5-f685-4622-9bf5-801106feb44f,family,Tutor Damián,dudas sobre diagnóstico y manejo cotidiano,poco apoyo,presión escolar,sin un patrón completamente claro,2025-12-05T09:45:00,2025-12-05T09:45:00
742340e8-14b4-4dbe-ab50-50293dc7a133,family,Abuela Alma,sueño irregular y estrés escolar,apoyo variable,pantallas por la noche,sin un patrón completamente claro,2025-12-25T11:36:00,2025-12-25T11:36:00
6f1d3747-ebd7-42a6-b206-15a99c39f01c,family,Cuidadora Adriana,sueño irregular y estrés escolar,apoyo moderado,horarios variables,"mejoría parcial con estructura, pero no sostenida",2025-12-12T16:24:00,2025-12-12T16:24:00
89311746-9149-4040-a2d5-5b1e88984159,family,Cuidadora Bianca,familia con alta demanda emocional,red de apoyo limitada,poca red de apoyo,historial con episodios de desregulación variable,2025-12-06T13:56:00,2025-12-06T13:56:00
ca3d10e6-0d79-4151-9e3e-59d55f8d5ff4,family,Tía Celia,varios cambios recientes,red de apoyo limitada,traslados largos,mejor respuesta cuando hay menos presión,2025-12-28T11:08:00,2025-12-28T11:08:00
93e29f41-9564-4114-a4e7-c7f4d566ab42,family,Cuidadora Dafne,sueño irregular y estrés escolar,sin apoyo claro,ruido frecuente en casa,dificultades más visibles en periodos de cansancio,2025-12-28T18:00:00,2025-12-28T18:00:00
9941a961-1597-4482-85ac-c7f16b94abe7,family,Mamá Estela,varios cambios recientes,apoyo variable,pantallas por la noche,"mejoría parcial con estructura, pero no sostenida",2025-12-05T13:55:00,2025-12-05T13:55:00
6516c9f5-9d32-43ef-8fcf-3ce0fffa3472,family,Cuidador Emilio,familia con alta demanda emocional,poco apoyo,traslados largos,historial con episodios de desregulación variable,2025-12-20T08:42:00,2025-12-20T08:42:00
a663973a-16d3-49e1-9336-7118691390ac,family,Cuidador Fátima,cuidador principal con poca red de apoyo,apoyo variable,pantallas por la noche,sin un patrón completamente claro,2025-12-14T09:06:00,2025-12-14T09:06:00
d9ca2074-6665-4fbe-8c3e-b9567736137d,family,Mamá Greta,cuidador principal con poca red de apoyo,apoyo moderado,traslados largos,dificultades más visibles en periodos de cansancio,2025-12-08T13:17:00,2025-12-08T13:17:00
603a10ed-54b9-45db-9f4b-de880057ff79,family,Papá Helena,dudas sobre diagnóstico y manejo cotidiano,apoyo moderado,espacios reducidos,mejor respuesta cuando hay menos presión,2025-12-16T08:33:00,2025-12-16T08:33:00
02f07d98-0ba4-421d-b620-37c37723e9e5,family,Abuela Iris,familia con alta demanda emocional,red de apoyo limitada,poca red de apoyo,"mejoría parcial con estructura, pero no sostenida",2025-12-27T08:44:00,2025-12-27T08:44:00
06854ca0-83c9-4eee-adc6-b1a6c9fd8ed2,family,Papá Adrián,cuidador principal con poca red de apoyo,apoyo variable,traslados largos,"mejoría parcial con estructura, pero no sostenida",2025-12-25T16:34:00,2025-12-25T16:34:00
137d433e-099c-4818-9542-fb1c62135220,family,Cuidador Julieta,varios cambios recientes,apoyo variable,pantallas por la noche,dificultades más visibles en periodos de cansancio,2025-12-02T08:36:00,2025-12-02T08:36:00
eeb1155e-5408-4539-a2a1-e5bef6859bee,family,Abuela Karen,carga funcional alta y poco descanso,apoyo variable,espacios reducidos,mejor respuesta cuando hay menos presión,2025-12-28T17:43:00,2025-12-28T17:43:00
3fdbb0fc-3d53-47ec-8f28-446fd6cd2d0e,family,Cuidador Lía,varios cambios recientes,apoyo moderado,horarios variables,dificultades más visibles en periodos de cansancio,2025-12-20T18:32:00,2025-12-20T18:32:00
f53a6c72-72a1-4e13-a11a-481eac48b348,family,Cuidadora Mónica,sueño irregular y estrés escolar,apoyo moderado,poca red de apoyo,dificultades más visibles en periodos de cansancio,2025-12-19T13:39:00,2025-12-19T13:39:00
e0dedb37-352a-4bd8-a2c3-19047ab4d2ea,family,Papá Nora,dudas sobre diagnóstico y manejo cotidiano,red de apoyo limitada,pantallas por la noche,sin un patrón completamente claro,2025-12-24T09:58:00,2025-12-24T09:58:00
78e2e23c-235a-4286-a712-59a54a77d42f,family,Mamá Olivia,cuidador principal con poca red de apoyo,apoyo variable,traslados largos,mejor respuesta cuando hay menos presión,2025-12-04T16:29:00,2025-12-04T16:29:00
fd5d7249-e2ab-4544-9865-b7c311367196,family,Cuidadora Patricia,cuidador principal con poca red de apoyo,sin apoyo claro,espacios reducidos,sin un patrón completamente claro,2025-12-12T18:38:00,2025-12-12T18:38:00
390e94d0-786f-432a-8e38-da4fb07644c0,family,Tutor Rebeca,familia con alta demanda emocional,poco apoyo,pantallas por la noche,sin un patrón completamente claro,2025-12-15T18:08:00,2025-12-15T18:08:00
15085b3d-a0b8-4ed7-bcbf-7f546373ca07,individual,Cuidadora Silvana,sueño irregular y estrés escolar,poco apoyo,espacios reducidos,dificultades más visibles en periodos de cansancio,2025-12-10T18:47:00,2025-12-10T18:47:00
9dfa0590-8f77-4595-a67a-efaa62a82698,family,Cuidadora Teresa,varios cambios recientes,apoyo moderado,presión escolar,dificultades más visibles en periodos de cansancio,2025-12-11T10:40:00,2025-12-11T10:40:00
d2bcd533-edea-4306-ba3d-6cf5835a4f7e,family,Tía Úrsula,sueño irregular y estrés escolar,poco apoyo,ruido frecuente en casa,mejor respuesta cuando hay menos presión,2025-12-02T10:11:00,2025-12-02T10:11:00
efbc102c-0f2d-49c3-ae6b-69ce4444c30f,family,Tutor Ángel,carga funcional alta y poco descanso,apoyo variable,poca red de apoyo,mejor respuesta cuando hay menos presión,2025-12-19T14:36:00,2025-12-19T14:36:00
c9fee3cc-8300-42b3-84ff-eb4a37cc7ce5,family,Papá Violeta,varios cambios recientes,red de apoyo limitada,ruido frecuente en casa,sin un patrón completamente claro,2025-12-04T18:26:00,2025-12-04T18:26:00
f97643f4-3a3f-4774-87ea-28014bda78e9,individual,Papá Ximena,dudas sobre diagnóstico y manejo cotidiano,apoyo moderado,ruido frecuente en casa,"mejoría parcial con estructura, pero no sostenida",2025-12-11T15:55:00,2025-12-11T15:55:00
b19bd1c5-5cff-4d50-9357-6e6c46d2b366,family,Tutor Yara,familia con alta demanda emocional,apoyo variable,espacios reducidos,"mejoría parcial con estructura, pero no sostenida",2025-12-15T18:59:00,2025-12-15T18:59:00
462fdfa5-0fca-405a-b531-f3218704b4b2,family,Abuela Zoe,carga funcional alta y poco descanso,apoyo variable,traslados largos,sin un patrón completamente claro,2025-12-07T12:28:00,2025-12-07T12:28:00
244cf02a-6a9f-4e51-8fd0-39996e6c74aa,family,Abuela Ana Azul,dudas sobre diagnóstico y manejo cotidiano,apoyo moderado,cambios constantes de rutina,dificultades más visibles en periodos de cansancio,2025-12-01T15:31:00,2025-12-01T15:31:00
d6a9a228-4332-4e6b-94f9-7ac3b478f992,family,Papá Ana Lorenzo,varios cambios recientes,apoyo moderado,ruido frecuente en casa,dificultades más visibles en periodos de cansancio,2025-12-17T16:20:00,2025-12-17T16:20:00
8b6bb981-4061-4c42-a459-18ac98fd8daa,family,Abuela Ana Renée,varios cambios recientes,poco apoyo,ruido frecuente en casa,mejor respuesta cuando hay menos presión,2025-12-25T15:42:00,2025-12-25T15:42:00
ac8136db-8080-4ad0-9778-dd42c8928287,family,Mamá Ana Emmanuel,varios cambios recientes,red de apoyo limitada,espacios reducidos,mejor respuesta cuando hay menos presión,2025-12-03T15:07:00,2025-12-03T15:07:00
d237e2ed-efc4-46b6-9b11-086add8aead9,family,Abuela Ana Ariel,varios cambios recientes,apoyo moderado,pantallas por la noche,"mejoría parcial con estructura, pero no sostenida",2025-12-07T18:56:00,2025-12-07T18:56:00
37194d96-5178-465a-a5a5-e41a8510add7,family,Cuidador Ana Gael,varios cambios recientes,poco apoyo,ruido frecuente en casa,mejor respuesta cuando hay menos presión,2025-12-23T16:17:00,2025-12-23T16:17:00
4aea8578-f11f-4cda-befa-c49409b9e347,family,Mamá Ana Elías,carga funcional alta y poco descanso,apoyo variable,ruido frecuente en casa,sin un patrón completamente claro,2025-12-22T15:23:00,2025-12-22T15:23:00
3717bc84-1ee6-4e63-97b9-0f0a22be0a3a,family,Tía Ana Noel,cuidador principal con poca red de apoyo,apoyo moderado,pantallas por la noche,dificultades más visibles en periodos de cansancio,2025-12-27T09:00:00,2025-12-27T09:00:00
56a85926-0924-4de8-bef0-c8dba9162ff5,family,Mamá Ana Jade,varios cambios recientes,apoyo variable,espacios reducidos,mejor respuesta cuando hay menos presión,2025-12-12T16:54:00,2025-12-12T16:54:00
ea771dc0-dcea-48b5-8294-70c7b7a0393d,family,Cuidador Ana Aurora,dudas sobre diagnóstico y manejo cotidiano,apoyo variable,horarios variables,dificultades más visibles en periodos de cansancio,2025-12-27T17:04:00,2025-12-27T17:04:00
b197a060-ad07-4f9b-a70d-d822f75ac25c,family,Papá Ana Sol,familia con alta demanda emocional,apoyo variable,poca red de apoyo,historial con episodios de desregulación variable,2025-12-15T18:42:00,2025-12-15T18:42:00
af7388af-cf32-46d5-9074-f11c578b2dd3,family,Papá Ana Mar,carga funcional alta y poco descanso,apoyo moderado,espacios reducidos,sin un patrón completamente claro,2025-12-23T17:03:00,2025-12-23T17:03:00
640a32a0-9ec2-4649-aefc-30e6b627bd41,individual,Cuidadora Ana Pilar,cuidador principal con poca red de apoyo,sin apoyo claro,cambios constantes de rutina,dificultades más visibles en periodos de cansancio,2025-12-05T13:15:00,2025-12-05T13:15:00
af1839cd-c731-46fe-ab8e-37f48fca6fcf,family,Mamá Ana Inés,sueño irregular y estrés escolar,sin apoyo claro,presión escolar,"mejoría parcial con estructura, pero no sostenida",2025-12-22T13:22:00,2025-12-22T13:22:00
67824c90-7666-4827-ae22-08871117756b,family,Papá Daniel,sueño irregular y estrés escolar,sin apoyo claro,horarios variables,dificultades más visibles en periodos de cansancio,2025-12-10T10:51:00,2025-12-10T10:51:00
ec43e719-9d34-490b-a2e0-c9d09ac4f6d1,family,Abuela Ana Cruz,varios cambios recientes,poco apoyo,presión escolar,sin un patrón completamente claro,2025-12-12T10:03:00,2025-12-12T10:03:00
118e117b-54ea-4d19-879b-1254fafb11aa,family,Mamá Ana Said,familia con alta demanda emocional,sin apoyo claro,ruido frecuente en casa,historial con episodios de desregulación variable,2025-12-01T15:48:00,2025-12-01T15:48:00
4fb78ecd-3f6c-487d-8b97-186ffb11122a,family,Abuela Ana Alonso,dudas sobre diagnóstico y manejo cotidiano,red de apoyo limitada,poca red de apoyo,dificultades más visibles en periodos de cansancio,2025-12-03T13:31:00,2025-12-03T13:31:00
f65216e5-a793-4049-ac78-132bf1c66aa9,family,Tutor Ana Belén,dudas sobre diagnóstico y manejo cotidiano,poco apoyo,horarios variables,mejor respuesta cuando hay menos presión,2025-12-13T17:43:00,2025-12-13T17:43:00
6de7afcf-3f18-4f11-94d1-55afc0aeefba,family,Cuidador Ana Flor,varios cambios recientes,apoyo variable,presión escolar,sin un patrón completamente claro,2025-12-23T18:13:00,2025-12-23T18:13:00
9ed61181-3d24-491e-8138-116b695b34ba,family,Papá Ana Rocío,sueño irregular y estrés escolar,apoyo moderado,cambios constantes de rutina,"mejoría parcial con estructura, pero no sostenida",2025-12-09T12:41:00,2025-12-09T12:41:00
233606d0-5b54-4710-a599-50e8f6190bea,family,Cuidadora Ana Milen,carga funcional alta y poco descanso,red de apoyo limitada,traslados largos,"mejoría parcial con estructura, pero no sostenida",2025-12-10T09:59:00,2025-12-10T09:59:00
dbbc5520-d492-49cb-aee2-e33d1f3acd31,family,Mamá Ana Jazmín,familia con alta demanda emocional,red de apoyo limitada,espacios reducidos,mejor respuesta cuando hay menos presión,2025-12-02T14:39:00,2025-12-02T14:39:00
1c1bd122-e450-4702-bd7e-20c8ebc3cb30,family,Mamá Ana Joel,carga funcional alta y poco descanso,red de apoyo limitada,poca red de apoyo,dificultades más visibles en periodos de cansancio,2025-12-05T16:02:00,2025-12-05T16:02:00
b725812f-efaf-4221-a1c9-77b3ae848ba4,family,Abuela Ana Nerea,cuidador principal con poca red de apoyo,poco apoyo,traslados largos,sin un patrón completamente claro,2025-12-22T09:56:00,2025-12-22T09:56:00
ae18da88-c7da-4e72-a331-844ad52c56e0,family,Tía Ana Ambar,sueño irregular y estrés escolar,apoyo variable,poca red de apoyo,mejor respuesta cuando hay menos presión,2025-12-03T08:32:00,2025-12-03T08:32:00
88a41a66-4c0b-498a-aec4-5fe747327b8f,family,Abuela Ana León,carga funcional alta y poco descanso,apoyo moderado,poca red de apoyo,sin un patrón completamente claro,2025-12-01T14:07:00,2025-12-01T14:07:00
bbdc6e82-c96f-4323-84cf-ba5468547c07,family,Tía Ana Elián,carga funcional alta y poco descanso,sin apoyo claro,pantallas por la noche,historial con episodios de desregulación variable,2025-12-18T09:17:00,2025-12-18T09:17:00
e7f7306f-ee7a-475a-98b2-7237d089f915,family,Mamá Ana Celeste,familia con alta demanda emocional,sin apoyo claro,horarios variables,mejor respuesta cuando hay menos presión,2025-12-23T08:59:00,2025-12-23T08:59:00
421c9053-ff4a-48bb-8980-6b97ffc74c1c,family,Abuela Ana Lía,varios cambios recientes,poco apoyo,presión escolar,mejor respuesta cuando hay menos presión,2025-12-14T14:56:00,2025-12-14T14:56:00
174070a1-b993-450c-b8b6-564bd0b8aaa9,family,Cuidador Rodrigo,familia con alta demanda emocional,poco apoyo,traslados largos,dificultades más visibles en periodos de cansancio,2025-12-15T09:09:00,2025-12-15T09:09:00
2472bc7c-4de5-4c93-9881-47f8a8f3a5df,family,Abuela Ana Iñaki,cuidador principal con poca red de apoyo,sin apoyo claro,espacios reducidos,dificultades más visibles en periodos de cansancio,2025-12-19T15:57:00,2025-12-19T15:57:00
9c567733-1364-4260-80d0-cbeb74300353,family,Tía Valeria Azul,familia con alta demanda emocional,apoyo variable,presión escolar,historial con episodios de desregulación variable,2025-12-04T16:10:00,2025-12-04T16:10:00
43aac72d-6f79-4194-9aaa-e577a4d51504,family,Cuidadora Valeria Lorenzo,varios cambios recientes,sin apoyo claro,presión escolar,historial con episodios de desregulación variable,2025-12-21T10:00:00,2025-12-21T10:00:00
28b2e675-056e-4641-905e-ff58e87ae9a7,family,Papá Valeria Renée,varios cambios recientes,apoyo moderado,cambios constantes de rutina,"mejoría parcial con estructura, pero no sostenida",2025-12-26T11:14:00,2025-12-26T11:14:00
8eb78eb1-2c51-42fb-8109-782d19d43d14,family,Tía Valeria Emmanuel,carga funcional alta y poco descanso,sin apoyo claro,horarios variables,sin un patrón completamente claro,2025-12-20T14:14:00,2025-12-20T14:14:00
c25019f3-1716-4483-b2e2-aa2c237ba3c6,family,Tía Valeria Ariel,familia con alta demanda emocional,apoyo moderado,cambios constantes de rutina,"mejoría parcial con estructura, pero no sostenida",2025-12-20T12:26:00,2025-12-20T12:26:00
d90744ce-8978-418d-889d-31e4cdd05fb4,individual,Mamá Valeria Gael,varios cambios recientes,sin apoyo claro,traslados largos,dificultades más visibles en periodos de cansancio,2025-12-26T11:12:00,2025-12-26T11:12:00
7acdf96d-f0d6-47ef-a652-2296f18b05b7,family,Cuidadora Valeria Elías,varios cambios recientes,poco apoyo,pantallas por la noche,"mejoría parcial con estructura, pero no sostenida",2025-12-11T12:24:00,2025-12-11T12:24:00
ecc7fd0f-c099-4120-83f8-b48c4d1e8a4e,family,Tía Valeria Noel,varios cambios recientes,apoyo variable,cambios constantes de rutina,sin un patrón completamente claro,2025-12-01T10:12:00,2025-12-01T10:12:00
14028473-68cf-4e2a-9a07-f0d594a5792b,family,Cuidadora Valeria Jade,sueño irregular y estrés escolar,apoyo variable,presión escolar,mejor respuesta cuando hay menos presión,2025-12-13T18:11:00,2025-12-13T18:11:00
fc1cd7da-cf3e-47fc-8d1e-eff3df3eacce,individual,Abuela Valeria Aurora,carga funcional alta y poco descanso,red de apoyo limitada,poca red de apoyo,"mejoría parcial con estructura, pero no sostenida",2025-12-15T08:53:00,2025-12-15T08:53:00
2b782017-90d8-4c42-9b89-53ecf7c53148,family,Cuidadora Valeria Sol,dudas sobre diagnóstico y manejo cotidiano,red de apoyo limitada,traslados largos,dificultades más visibles en periodos de cansancio,2025-12-23T16:50:00,2025-12-23T16:50:00
9f49af09-ba5f-46d6-8282-3883ebff3f28,family,Abuela Valeria Mar,sueño irregular y estrés escolar,apoyo variable,horarios variables,dificultades más visibles en periodos de cansancio,2025-12-28T15:04:00,2025-12-28T15:04:00
a4fdf2be-40ef-4074-977b-551a82a4099c,family,Cuidador Sofía Cruz Pilar,familia con alta demanda emocional,apoyo moderado,ruido frecuente en casa,"mejoría parcial con estructura, pero no sostenida",2025-12-24T13:24:00,2025-12-24T13:24:00
6fc2a463-0e65-44c9-9355-acb82f03e7f3,family,Tía Valeria Inés,sueño irregular y estrés escolar,apoyo variable,pantallas por la noche,dificultades más visibles en periodos de cansancio,2025-12-25T14:33:00,2025-12-25T14:33:00
e53c06a6-7e9a-47a2-8ec0-f52fb15355c4,family,Cuidador Valeria Cruz,dudas sobre diagnóstico y manejo cotidiano,red de apoyo limitada,cambios constantes de rutina,sin un patrón completamente claro,2025-12-15T14:46:00,2025-12-15T14:46:00
0e5bdd1d-eabe-40e8-aeed-08f55db16a62,family,Mamá Sofía Alonso Said,dudas sobre diagnóstico y manejo cotidiano,apoyo variable,horarios variables,historial con episodios de desregulación variable,2025-12-26T18:59:00,2025-12-26T18:59:00
fbcc318b-408e-4cc2-bc63-6f92202c5966,family,Cuidadora Valeria Alonso,sueño irregular y estrés escolar,apoyo variable,cambios constantes de rutina,"mejoría parcial con estructura, pero no sostenida",2025-12-19T10:28:00,2025-12-19T10:28:00
1ebf5f08-9f01-4a3b-8d4a-f204822391a3,individual,Tía Valeria Belén,dudas sobre diagnóstico y manejo cotidiano,sin apoyo claro,horarios variables,dificultades más visibles en periodos de cansancio,2025-12-18T16:50:00,2025-12-18T16:50:00
5b4e80aa-994f-4fe8-91db-b442768dc08f,family,Tía Valeria Flor,dudas sobre diagnóstico y manejo cotidiano,apoyo variable,horarios variables,sin un patrón completamente claro,2025-12-15T09:16:00,2025-12-15T09:16:00
1bdc9c33-f5b7-4049-af7d-aec73656c9cd,family,Cuidadora Valeria Rocío,cuidador principal con poca red de apoyo,apoyo moderado,espacios reducidos,historial con episodios de desregulación variable,2025-12-24T18:23:00,2025-12-24T18:23:00
a4860531-7601-4490-9c85-a6d114f09a01,family,Cuidadora Valeria Milen,cuidador principal con poca red de apoyo,sin apoyo claro,traslados largos,dificultades más visibles en periodos de cansancio,2025-12-10T12:30:00,2025-12-10T12:30:00
f566273e-f83c-40b3-86b9-1f07fefcb42f,family,Abuela Valeria Jazmín,varios cambios recientes,poco apoyo,traslados largos,historial con episodios de desregulación variable,2025-12-02T10:42:00,2025-12-02T10:42:00
da6c7ab8-ebf7-4fb4-87d6-fc12e5d70c52,family,Cuidadora Valeria Joel,familia con alta demanda emocional,sin apoyo claro,traslados largos,"mejoría parcial con estructura, pero no sostenida",2025-12-23T18:14:00,2025-12-23T18:14:00
a7eb8db6-ba83-4260-a5a0-2ddecaf68260,family,Cuidador Hugo,cuidador principal con poca red de apoyo,poco apoyo,traslados largos,"mejoría parcial con estructura, pero no sostenida",2025-12-18T12:57:00,2025-12-18T12:57:00
1249a9c0-e28c-4ad2-9e76-7ac056f658c8,family,Tía Valeria Nerea,dudas sobre diagnóstico y manejo cotidiano,red de apoyo limitada,pantallas por la noche,"mejoría parcial con estructura, pero no sostenida",2025-12-11T09:45:00,2025-12-11T09:45:00
bd5312f4-3bfe-4881-b458-0c90eddbc8fd,family,Papá Javier,cuidador principal con poca red de apoyo,apoyo moderado,horarios variables,historial con episodios de desregulación variable,2025-12-14T14:09:00,2025-12-14T14:09:00
c44f22b4-63a7-4060-a21b-82e9ac119271,individual,Abuela Valeria Ambar,dudas sobre diagnóstico y manejo cotidiano,apoyo variable,traslados largos,"mejoría parcial con estructura, pero no sostenida",2025-12-14T16:31:00,2025-12-14T16:31:00
8e2df62d-8b5b-4dcc-96af-166c275cbfb9,family,Tía Valeria León,carga funcional alta y poco descanso,apoyo variable,ruido frecuente en casa,sin un patrón completamente claro,2025-12-27T15:30:00,2025-12-27T15:30:00
597ac3d1-71f2-4d28-99fd-c8425ef1688e,family,Abuela Valeria Elián,cuidador principal con poca red de apoyo,apoyo variable,espacios reducidos,mejor respuesta cuando hay menos presión,2025-12-03T18:05:00,2025-12-03T18:05:00
7f080bb1-4c5f-4d1c-9f8d-f8ef41790fe9,family,Tutor Pablo,cuidador principal con poca red de apoyo,sin apoyo claro,ruido frecuente en casa,dificultades más visibles en periodos de cansancio,2025-12-22T08:39:00,2025-12-22T08:39:00
289b7718-50d5-4656-ba6f-b176285c755f,family,Mamá Valeria Celeste,sueño irregular y estrés escolar,red de apoyo limitada,espacios reducidos,"mejoría parcial con estructura, pero no sostenida",2025-12-03T12:55:00,2025-12-03T12:55:00
97c8ff29-a9d4-4670-a52a-6b2ddc2e0a20,family,Cuidadora Valeria Lía,carga funcional alta y poco descanso,apoyo moderado,traslados largos,"mejoría parcial con estructura, pero no sostenida",2025-12-04T11:54:00,2025-12-04T11:54:00
be696610-6106-4104-86b5-1e60a9b4dd23,family,Cuidadora Andrés Iñaki,cuidador principal con poca red de apoyo,apoyo moderado,espacios reducidos,dificultades más visibles en periodos de cansancio,2025-12-21T09:13:00,2025-12-21T09:13:00
88163df5-ce67-45d3-bcad-f965197c50ed,family,Abuela Renata Azul,familia con alta demanda emocional,apoyo moderado,espacios reducidos,"mejoría parcial con estructura, pero no sostenida",2025-12-14T11:36:00,2025-12-14T11:36:00
a728d7d8-5d90-4164-a8ef-75ad64528216,family,Abuela Renata Lorenzo,sueño irregular y estrés escolar,apoyo moderado,ruido frecuente en casa,mejor respuesta cuando hay menos presión,2025-12-01T18:50:00,2025-12-01T18:50:00
6fb31ec5-2fd5-4795-bcd3-74c5c0f0edb9,family,Cuidadora Renata Renée,dudas sobre diagnóstico y manejo cotidiano,apoyo moderado,poca red de apoyo,sin un patrón completamente claro,2025-12-21T15:42:00,2025-12-21T15:42:00
7096656a-0e08-4f7a-bc9c-37736af8e1c0,family,Papá Renata Emmanuel,familia con alta demanda emocional,red de apoyo limitada,traslados largos,dificultades más visibles en periodos de cansancio,2025-12-22T16:28:00,2025-12-22T16:28:00
a5f05ba6-255b-4151-b54e-09ae654ac607,family,Cuidadora Renata Ariel,varios cambios recientes,apoyo moderado,ruido frecuente en casa,sin un patrón completamente claro,2025-12-16T13:34:00,2025-12-16T13:34:00
0edee50a-8c0f-457b-ba23-4a624349f4a4,family,Cuidador Renata Gael,dudas sobre diagnóstico y manejo cotidiano,red de apoyo limitada,espacios reducidos,mejor respuesta cuando hay menos presión,2025-12-14T14:57:00,2025-12-14T14:57:00
f5631582-e54d-4424-8994-06f8685274ed,individual,Tía César Elías,cuidador principal con poca red de apoyo,apoyo variable,espacios reducidos,mejor respuesta cuando hay menos presión,2025-12-28T08:07:00,2025-12-28T08:07:00
5fcdb233-94a0-4056-85dd-484fb989fa79,family,Cuidadora Renata Noel,familia con alta demanda emocional,sin apoyo claro,poca red de apoyo,"mejoría parcial con estructura, pero no sostenida",2025-12-10T15:07:00,2025-12-10T15:07:00
1a8cc57a-55e6-4184-ac1e-28c42eb70aab,family,Cuidador Renata Jade,sueño irregular y estrés escolar,red de apoyo limitada,horarios variables,historial con episodios de desregulación variable,2025-12-28T09:28:00,2025-12-28T09:28:00
c079b869-56ed-42a7-9026-94eda889db84,family,Abuela Renata Aurora,dudas sobre diagnóstico y manejo cotidiano,sin apoyo claro,presión escolar,historial con episodios de desregulación variable,2025-12-03T10:18:00,2025-12-03T10:18:00
d4026127-66fd-47bb-abfc-ddd3e2f3801c,family,Cuidador Renata Sol,sueño irregular y estrés escolar,poco apoyo,ruido frecuente en casa,dificultades más visibles en periodos de cansancio,2025-12-12T11:21:00,2025-12-12T11:21:00
2d591e85-b5bb-41c5-8c0a-e5372453dd1d,family,Tutor Renata Mar,varios cambios recientes,red de apoyo limitada,traslados largos,sin un patrón completamente claro,2025-12-21T15:07:00,2025-12-21T15:07:00
9096c13e-9e89-41a3-89e1-d5764b91c6b1,family,Papá Raúl,familia con alta demanda emocional,apoyo variable,horarios variables,"mejoría parcial con estructura, pero no sostenida",2025-12-08T18:11:00,2025-12-08T18:11:00
918aede6-5c36-4c37-9848-c1e741078677,family,Tía Renata Pilar,dudas sobre diagnóstico y manejo cotidiano,sin apoyo claro,traslados largos,mejor respuesta cuando hay menos presión,2025-12-22T10:24:00,2025-12-22T10:24:00
f8ae2882-392f-47bd-9ea0-96143fdc7fbf,family,Abuela Renata Inés,cuidador principal con poca red de apoyo,apoyo variable,horarios variables,dificultades más visibles en periodos de cansancio,2025-12-24T09:08:00,2025-12-24T09:08:00
866f0766-bcad-4179-a396-4655c028a0dd,family,Cuidadora Ana Lorenzo Cruz,carga funcional alta y poco descanso,apoyo moderado,cambios constantes de rutina,dificultades más visibles en periodos de cansancio,2025-12-04T13:18:00,2025-12-04T13:18:00
392aa214-2140-427d-aead-2578b8fd452b,family,Cuidador Renata Said,familia con alta demanda emocional,apoyo variable,horarios variables,sin un patrón completamente claro,2025-12-16T18:25:00,2025-12-16T18:25:00
c00fbb7b-8f05-4d04-941a-beb386ac11ee,family,Abuela Renata Alonso,varios cambios recientes,red de apoyo limitada,traslados largos,dificultades más visibles en periodos de cansancio,2025-12-06T16:25:00,2025-12-06T16:25:00
aacfc70d-6d36-467b-aa66-519caafcf0a8,family,Abuela Renata Belén,cuidador principal con poca red de apoyo,poco apoyo,poca red de apoyo,dificultades más visibles en periodos de cansancio,2025-12-13T08:31:00,2025-12-13T08:31:00
29907378-5e9b-4661-b240-f444d1725468,family,Cuidador Andrés,carga funcional alta y poco descanso,poco apoyo,presión escolar,"mejoría parcial con estructura, pero no sostenida",2025-12-21T16:31:00,2025-12-21T16:31:00
616deb2c-4a7e-4645-ac7e-568d89c5ea47,family,Tutor Mauricio,sueño irregular y estrés escolar,red de apoyo limitada,horarios variables,dificultades más visibles en periodos de cansancio,2025-12-03T17:09:00,2025-12-03T17:09:00
0acf4a73-0940-4fee-8a26-9234c249ec78,family,Cuidadora Renata Flor,dudas sobre diagnóstico y manejo cotidiano,sin apoyo claro,cambios constantes de rutina,historial con episodios de desregulación variable,2025-12-28T15:49:00,2025-12-28T15:49:00
7b506d8d-d8de-4f77-a234-b88c5bb9a67f,family,Cuidador Renata Rocío,sueño irregular y estrés escolar,poco apoyo,cambios constantes de rutina,sin un patrón completamente claro,2025-12-24T09:11:00,2025-12-24T09:11:00
9e4dea67-103a-4ac2-9505-30b245b48ae3,family,Cuidador Renata Milen,cuidador principal con poca red de apoyo,red de apoyo limitada,ruido frecuente en casa,dificultades más visibles en periodos de cansancio,2025-12-12T17:24:00,2025-12-12T17:24:00
ae8358a1-766a-43f3-a023-f891365bbedb,family,Tía Renata Jazmín,dudas sobre diagnóstico y manejo cotidiano,sin apoyo claro,traslados largos,"mejoría parcial con estructura, pero no sostenida",2025-12-25T11:23:00,2025-12-25T11:23:00
ce8b9bf0-926c-4cc4-94cd-5e9ebfffb088,family,Mamá Renata Joel,varios cambios recientes,apoyo variable,poca red de apoyo,historial con episodios de desregulación variable,2025-12-28T18:05:00,2025-12-28T18:05:00
c753551a-d6a4-4529-9d7b-46307a535d31,family,Abuela Renata Nerea,familia con alta demanda emocional,apoyo variable,presión escolar,sin un patrón completamente claro,2025-12-24T18:47:00,2025-12-24T18:47:00
8fbc457e-3ff8-4fb9-9c58-dfaeabef906b,family,Cuidador Renata Ambar,varios cambios recientes,red de apoyo limitada,presión escolar,sin un patrón completamente claro,2025-12-21T15:35:00,2025-12-21T15:35:00
6f1d6cba-d8bc-4eeb-b463-ce93f3b0d72a,family,Abuela Renata León,dudas sobre diagnóstico y manejo cotidiano,sin apoyo claro,horarios variables,mejor respuesta cuando hay menos presión,2025-12-14T14:12:00,2025-12-14T14:12:00
1c38ae4f-1846-45ca-938e-3e1bbcdb1049,family,Tutor Renata Elián,familia con alta demanda emocional,apoyo variable,presión escolar,mejor respuesta cuando hay menos presión,2025-12-13T16:40:00,2025-12-13T16:40:00
02672e05-454f-4248-b090-11d67f9e316a,family,Cuidador Renata Celeste,carga funcional alta y poco descanso,apoyo moderado,espacios reducidos,mejor respuesta cuando hay menos presión,2025-12-21T10:37:00,2025-12-21T10:37:00
3954244d-ce88-4caf-804a-a87d93fb13e9,family,Abuela Renata Lía,familia con alta demanda emocional,apoyo moderado,cambios constantes de rutina,"mejoría parcial con estructura, pero no sostenida",2025-12-11T18:04:00,2025-12-11T18:04:00
5c6f1713-177c-49eb-86fd-6c1ac9347741,family,Abuela Renata Iñaki,sueño irregular y estrés escolar,apoyo variable,espacios reducidos,sin un patrón completamente claro,2025-12-19T18:09:00,2025-12-19T18:09:00
b4b23c0f-c117-4cde-a64d-d898142db528,family,Tía Camila Azul,sueño irregular y estrés escolar,red de apoyo limitada,presión escolar,mejor respuesta cuando hay menos presión,2025-12-06T13:29:00,2025-12-06T13:29:00
171fd715-50a4-4e1d-97cf-c379deae8de9,family,Papá Camila Lorenzo,cuidador principal con poca red de apoyo,apoyo variable,pantallas por la noche,mejor respuesta cuando hay menos presión,2025-12-19T18:49:00,2025-12-19T18:49:00
4d08d1e4-a307-4f86-9199-308886924505,family,Tutor Alan,familia con alta demanda emocional,red de apoyo limitada,pantallas por la noche,sin un patrón completamente claro,2025-12-15T08:00:00,2025-12-15T08:00:00
ec8fb1a8-fbee-4f56-b1bb-cb306f91e27d,family,Tutor Sofía Lía Renée,carga funcional alta y poco descanso,apoyo moderado,poca red de apoyo,dificultades más visibles en periodos de cansancio,2025-12-08T09:26:00,2025-12-08T09:26:00
25e817db-bebc-4684-95b0-700d4faad8d2,family,Papá Camila Emmanuel,cuidador principal con poca red de apoyo,red de apoyo limitada,pantallas por la noche,sin un patrón completamente claro,2025-12-15T11:29:00,2025-12-15T11:29:00
c9e60fd0-c27c-47fc-b36b-0965e405db54,individual,Mamá Camila Ariel,carga funcional alta y poco descanso,red de apoyo limitada,espacios reducidos,sin un patrón completamente claro,2025-12-10T14:57:00,2025-12-10T14:57:00
ac9cbf88-9d5e-4a15-8237-b0a5d43c14bd,family,Abuela Camila Gael,dudas sobre diagnóstico y manejo cotidiano,poco apoyo,horarios variables,mejor respuesta cuando hay menos presión,2025-12-19T10:56:00,2025-12-19T10:56:00
a29c48d0-82db-4785-9974-69fff77d632b,family,Tutor Camila Elías,familia con alta demanda emocional,apoyo moderado,presión escolar,sin un patrón completamente claro,2025-12-19T10:01:00,2025-12-19T10:01:00
b46ce6d2-f4c3-4f0e-8b1f-14c753b07232,family,Papá Camila Noel,carga funcional alta y poco descanso,poco apoyo,cambios constantes de rutina,mejor respuesta cuando hay menos presión,2025-12-28T12:39:00,2025-12-28T12:39:00
8add0e61-58cf-40ba-855c-44ee8317752a,family,Abuela Camila Jade,familia con alta demanda emocional,red de apoyo limitada,horarios variables,sin un patrón completamente claro,2025-12-18T18:03:00,2025-12-18T18:03:00
7e8fca47-dcbc-4631-b448-a02621f476ad,family,Mamá Camila Aurora,dudas sobre diagnóstico y manejo cotidiano,red de apoyo limitada,ruido frecuente en casa,mejor respuesta cuando hay menos presión,2025-12-12T18:40:00,2025-12-12T18:40:00
42a50aad-ceca-445b-aee9-e0375a8fb49f,individual,Cuidadora Camila Sol,cuidador principal con poca red de apoyo,poco apoyo,ruido frecuente en casa,"mejoría parcial con estructura, pero no sostenida",2025-12-10T17:47:00,2025-12-10T17:47:00
f509a459-0a44-4218-9ae8-2fdcd3fd98be,family,Mamá Camila Mar,sueño irregular y estrés escolar,apoyo variable,horarios variables,"mejoría parcial con estructura, pero no sostenida",2025-12-20T08:40:00,2025-12-20T08:40:00
a09e3ae8-ea58-4d1a-a197-691ce31888ad,family,Abuela Camila Pilar,familia con alta demanda emocional,apoyo moderado,horarios variables,dificultades más visibles en periodos de cansancio,2025-12-08T10:40:00,2025-12-08T10:40:00
ce16f43c-bbb1-46c1-8f26-cdd5f49486b6,family,Cuidador Camila Inés,cuidador principal con poca red de apoyo,red de apoyo limitada,cambios constantes de rutina,historial con episodios de desregulación variable,2025-12-14T16:54:00,2025-12-14T16:54:00
87a2467d-c7df-4ecb-a0f1-6da804506fc4,family,Tutor Camila Cruz,sueño irregular y estrés escolar,apoyo variable,cambios constantes de rutina,sin un patrón completamente claro,2025-12-28T08:21:00,2025-12-28T08:21:00
87ab0957-aab8-435f-b662-3bb7645cfae2,family,Papá Camila Said,carga funcional alta y poco descanso,apoyo variable,pantallas por la noche,sin un patrón completamente claro,2025-12-12T17:51:00,2025-12-12T17:51:00
e34dd82f-e0c5-45dd-8399-039d1406d8b6,family,Tía Camila Alonso,dudas sobre diagnóstico y manejo cotidiano,poco apoyo,espacios reducidos,mejor respuesta cuando hay menos presión,2025-12-28T09:00:00,2025-12-28T09:00:00
796c6dd6-d124-4ba4-bc2b-36f7f5bd96b8,family,Cuidadora Camila Belén,familia con alta demanda emocional,poco apoyo,horarios variables,historial con episodios de desregulación variable,2025-12-17T08:41:00,2025-12-17T08:41:00
e079d960-64db-4402-a817-432db200291d,family,Tutor Camila Flor,dudas sobre diagnóstico y manejo cotidiano,apoyo moderado,traslados largos,historial con episodios de desregulación variable,2025-12-06T12:53:00,2025-12-06T12:53:00
554b8716-ab8a-4c3b-ae3b-5182fbcc95a7,family,Cuidador Camila Rocío,dudas sobre diagnóstico y manejo cotidiano,red de apoyo limitada,horarios variables,mejor respuesta cuando hay menos presión,2025-12-11T16:56:00,2025-12-11T16:56:00
08d8cf55-b08c-453b-ba75-c8f316e258f5,family,Tutor Camila Milen,dudas sobre diagnóstico y manejo cotidiano,apoyo variable,cambios constantes de rutina,"mejoría parcial con estructura, pero no sostenida",2025-12-16T09:59:00,2025-12-16T09:59:00
a4222ea9-d889-48ed-8e88-cc4db0e11b94,family,Cuidadora Camila Jazmín,carga funcional alta y poco descanso,apoyo variable,cambios constantes de rutina,mejor respuesta cuando hay menos presión,2025-12-21T17:18:00,2025-12-21T17:18:00
71921e6a-3568-4494-8d36-6636c0e09a0f,family,Mamá Camila Joel,sueño irregular y estrés escolar,poco apoyo,traslados largos,historial con episodios de desregulación variable,2025-12-09T08:44:00,2025-12-09T08:44:00
181f1fef-62b2-4008-ab1a-eda0a4a832b0,family,Tía Camila Nerea,sueño irregular y estrés escolar,apoyo moderado,espacios reducidos,dificultades más visibles en periodos de cansancio,2025-12-08T17:22:00,2025-12-08T17:22:00
4c60a0bf-988f-41a7-bcdf-fe5f599c6b6f,family,Cuidador Camila Ambar,cuidador principal con poca red de apoyo,sin apoyo claro,poca red de apoyo,dificultades más visibles en periodos de cansancio,2025-12-26T16:41:00,2025-12-26T16:41:00
fb08059b-f33c-4f74-adb6-b8a24f4e6e23,family,Mamá Camila León,varios cambios recientes,sin apoyo claro,presión escolar,historial con episodios de desregulación variable,2025-12-19T10:42:00,2025-12-19T10:42:00
3bcb7eb9-47d9-495a-8846-c99c285f1712,individual,Abuela Camila Elián,cuidador principal con poca red de apoyo,apoyo variable,cambios constantes de rutina,mejor respuesta cuando hay menos presión,2025-12-24T10:30:00,2025-12-24T10:30:00
7cfe448f-0440-4b90-afb4-5d66315b675f,family,Papá Camila Celeste,varios cambios recientes,apoyo variable,poca red de apoyo,sin un patrón completamente claro,2025-12-04T12:40:00,2025-12-04T12:40:00
b88ae4ea-cf41-4705-82c1-8b0a5cc90d92,family,Abuela Camila Lía,sueño irregular y estrés escolar,apoyo variable,ruido frecuente en casa,mejor respuesta cuando hay menos presión,2025-12-20T17:36:00,2025-12-20T17:36:00
89ca1266-e534-4ffb-b585-b5eb2a87113e,family,Papá Camila Iñaki,varios cambios recientes,apoyo moderado,espacios reducidos,dificultades más visibles en periodos de cansancio,2025-12-03T14:16:00,2025-12-03T14:16:00
02402def-d911-468c-88fa-4a691bbb79d6,family,Papá Lucía Azul,familia con alta demanda emocional,apoyo moderado,espacios reducidos,dificultades más visibles en periodos de cansancio,2025-12-17T16:57:00,2025-12-17T16:57:00
2ea957c5-c357-4641-b192-7d0aee77c7fa,family,Cuidador Lucía Lorenzo,sueño irregular y estrés escolar,sin apoyo claro,pantallas por la noche,"mejoría parcial con estructura, pero no sostenida",2025-12-01T09:09:00,2025-12-01T09:09:00
f456d1d6-d329-4fdd-ad65-6e4c0ff245be,family,Abuela Lucía Renée,dudas sobre diagnóstico y manejo cotidiano,sin apoyo claro,pantallas por la noche,sin un patrón completamente claro,2025-12-20T13:54:00,2025-12-20T13:54:00
b1620450-6abc-4812-a24e-6824cd8822e3,family,Abuela Lucía Emmanuel,familia con alta demanda emocional,poco apoyo,ruido frecuente en casa,dificultades más visibles en periodos de cansancio,2025-12-20T13:37:00,2025-12-20T13:37:00
9ad4f651-17df-46a4-b1fe-3bed4ab1be88,family,Mamá Lucía Ariel,familia con alta demanda emocional,poco apoyo,horarios variables,dificultades más visibles en periodos de cansancio,2025-12-07T11:29:00,2025-12-07T11:29:00
ab306618-f127-4631-9599-a5fc821c32e1,family,Cuidadora Lucía Gael,familia con alta demanda emocional,apoyo variable,presión escolar,historial con episodios de desregulación variable,2025-12-27T17:14:00,2025-12-27T17:14:00
9c2a10ba-73ab-498a-bb28-9e2c24174028,family,Mamá Lucía Elías,familia con alta demanda emocional,sin apoyo claro,poca red de apoyo,mejor respuesta cuando hay menos presión,2025-12-25T12:11:00,2025-12-25T12:11:00
90ccd0d6-3e7a-4c76-a73d-cea459a63311,family,Tutor Lucía Noel,cuidador principal con poca red de apoyo,red de apoyo limitada,horarios variables,mejor respuesta cuando hay menos presión,2025-12-19T10:30:00,2025-12-19T10:30:00
fec8781c-6f6c-4fd9-b20f-dd2c47fc42d8,family,Cuidador Bastián,familia con alta demanda emocional,poco apoyo,ruido frecuente en casa,"mejoría parcial con estructura, pero no sostenida",2025-12-03T18:21:00,2025-12-03T18:21:00
42b884fb-7576-4616-b9f1-0ba666a182be,family,Cuidadora Lucía Jade,sueño irregular y estrés escolar,apoyo variable,poca red de apoyo,historial con episodios de desregulación variable,2025-12-15T18:12:00,2025-12-15T18:12:00
f2409a81-15e6-4ce2-8e78-63f4821f3d57,individual,Mamá Lucía Aurora,carga funcional alta y poco descanso,sin apoyo claro,ruido frecuente en casa,dificultades más visibles en periodos de cansancio,2025-12-09T11:48:00,2025-12-09T11:48:00
10136bb0-b6e9-4690-9eb1-8592af5c8261,family,Cuidador Lucía Sol,varios cambios recientes,sin apoyo claro,cambios constantes de rutina,"mejoría parcial con estructura, pero no sostenida",2025-12-07T09:21:00,2025-12-07T09:21:00
96d332ce-7cdb-4c78-9ee0-11f63858f2c3,family,Tía Lucía Mar,carga funcional alta y poco descanso,poco apoyo,traslados largos,dificultades más visibles en periodos de cansancio,2025-12-04T09:48:00,2025-12-04T09:48:00
737e3281-f251-48ff-8371-77841448ee12,family,Papá Lucía Pilar,dudas sobre diagnóstico y manejo cotidiano,poco apoyo,pantallas por la noche,historial con episodios de desregulación variable,2025-12-17T10:39:00,2025-12-17T10:39:00
70f51822-c0c4-44ce-a746-524de4602df6,family,Cuidadora Lucía Inés,varios cambios recientes,poco apoyo,pantallas por la noche,mejor respuesta cuando hay menos presión,2025-12-01T18:16:00,2025-12-01T18:16:00
f8952b82-cc64-4e63-9fc4-80a847ac0170,family,Abuela Lucía Cruz,cuidador principal con poca red de apoyo,apoyo moderado,presión escolar,dificultades más visibles en periodos de cansancio,2025-12-13T12:15:00,2025-12-13T12:15:00
1b453eaf-89df-4ba9-ba16-41e59ec859c2,family,Tutor Lucía Said,familia con alta demanda emocional,poco apoyo,horarios variables,mejor respuesta cuando hay menos presión,2025-12-13T18:20:00,2025-12-13T18:20:00
eda20260-af71-41fb-a5b2-4750c8c3e247,family,Tía Lucía Alonso,familia con alta demanda emocional,poco apoyo,presión escolar,"mejoría parcial con estructura, pero no sostenida",2025-12-03T11:28:00,2025-12-03T11:28:00
64010efc-8274-49b5-81d5-b81ffa68199a,family,Abuela Lucía Belén,cuidador principal con poca red de apoyo,red de apoyo limitada,poca red de apoyo,"mejoría parcial con estructura, pero no sostenida",2025-12-13T17:45:00,2025-12-13T17:45:00
a61e05b0-20cf-4dcf-9188-08a0454ffbc6,family,Mamá Lucía Flor,dudas sobre diagnóstico y manejo cotidiano,apoyo variable,traslados largos,sin un patrón completamente claro,2025-12-11T08:35:00,2025-12-11T08:35:00
46dc21de-eac2-4f76-aa5f-ea02c062fc46,family,Papá Lucía Rocío,cuidador principal con poca red de apoyo,sin apoyo claro,presión escolar,"mejoría parcial con estructura, pero no sostenida",2025-12-19T17:04:00,2025-12-19T17:04:00
99ecb23c-e421-411a-860e-300081713a9b,family,Mamá Lucía Milen,cuidador principal con poca red de apoyo,apoyo moderado,espacios reducidos,dificultades más visibles en periodos de cansancio,2025-12-13T15:34:00,2025-12-13T15:34:00
09707de6-1df8-4d29-9a97-7072dc872ed8,family,Abuela Lucía Jazmín,varios cambios recientes,apoyo moderado,espacios reducidos,"mejoría parcial con estructura, pero no sostenida",2025-12-01T13:34:00,2025-12-01T13:34:00
b2b46724-77d7-4b33-98f3-2f3314298b1d,family,Abuela Lucía Joel,carga funcional alta y poco descanso,apoyo moderado,espacios reducidos,mejor respuesta cuando hay menos presión,2025-12-24T18:42:00,2025-12-24T18:42:00
f02149f5-5b92-42ff-bd36-36371ef9748d,family,Papá César,sueño irregular y estrés escolar,sin apoyo claro,pantallas por la noche,historial con episodios de desregulación variable,2025-12-13T10:16:00,2025-12-13T10:16:00
7ebf7a46-7d17-47c9-9d80-c79e8946139f,family,Tutor Lucía Nerea,carga funcional alta y poco descanso,apoyo moderado,horarios variables,dificultades más visibles en periodos de cansancio,2025-12-04T11:46:00,2025-12-04T11:46:00
e85ba023-7ae6-4dd2-87de-c1a18a6cac5f,family,Abuela Lucía Ambar,sueño irregular y estrés escolar,red de apoyo limitada,pantallas por la noche,dificultades más visibles en periodos de cansancio,2025-12-11T08:08:00,2025-12-11T08:08:00
446a34d6-1983-4346-b506-9d81d3f0a2af,family,Papá Lucía León,dudas sobre diagnóstico y manejo cotidiano,apoyo moderado,traslados largos,mejor respuesta cuando hay menos presión,2025-12-28T17:02:00,2025-12-28T17:02:00
94aaef6f-a2f1-45e9-a5ca-b272cf569981,family,Papá Lucía Elián,carga funcional alta y poco descanso,poco apoyo,espacios reducidos,mejor respuesta cuando hay menos presión,2025-12-20T09:11:00,2025-12-20T09:11:00
e3ddddfc-4a0b-40f7-b1be-d9b611d061b8,family,Tía Lucía Celeste,cuidador principal con poca red de apoyo,sin apoyo claro,espacios reducidos,mejor respuesta cuando hay menos presión,2025-12-07T17:57:00,2025-12-07T17:57:00
e2438e06-0d3b-4c87-aa75-6ebe7d19cf13,family,Mamá Lucía Lía,sueño irregular y estrés escolar,apoyo moderado,presión escolar,mejor respuesta cuando hay menos presión,2025-12-14T14:21:00,2025-12-14T14:21:00
bd6b0438-c122-4d21-bb40-ce665cc03fda,family,Tía Lucía Iñaki,familia con alta demanda emocional,apoyo variable,ruido frecuente en casa,historial con episodios de desregulación variable,2025-12-20T10:30:00,2025-12-20T10:30:00
072ed9fe-c0a3-43b9-b826-b59a6982bb38,family,Mamá Elena Azul,carga funcional alta y poco descanso,apoyo variable,traslados largos,mejor respuesta cuando hay menos presión,2025-12-18T11:06:00,2025-12-18T11:06:00
ab4b3068-f7d4-48cb-a424-6bf4a51adb15,family,Cuidadora Elena Lorenzo,carga funcional alta y poco descanso,apoyo moderado,espacios reducidos,"mejoría parcial con estructura, pero no sostenida",2025-12-20T14:10:00,2025-12-20T14:10:00
30eb0096-76ac-42b1-9a94-e49fe94619e0,family,Cuidador Elena Renée,sueño irregular y estrés escolar,apoyo moderado,presión escolar,"mejoría parcial con estructura, pero no sostenida",2025-12-04T14:58:00,2025-12-04T14:58:00
e9ada85e-2844-4621-91da-a234c1b65638,family,Abuela Elena Emmanuel,dudas sobre diagnóstico y manejo cotidiano,red de apoyo limitada,poca red de apoyo,"mejoría parcial con estructura, pero no sostenida",2025-12-17T16:47:00,2025-12-17T16:47:00
8e2aa368-b3e0-4edd-b5be-89e4779573e4,family,Abuela Elena Ariel,cuidador principal con poca red de apoyo,red de apoyo limitada,traslados largos,historial con episodios de desregulación variable,2025-12-06T12:40:00,2025-12-06T12:40:00
ee9766fe-c87e-4ecd-99e7-e21ebb4065ca,family,Cuidadora Elena Gael,varios cambios recientes,sin apoyo claro,horarios variables,historial con episodios de desregulación variable,2025-12-01T13:11:00,2025-12-01T13:11:00
9d13ab2f-5a88-4c3a-9c54-5b7175a03c58,family,Tutor Elena Elías,cuidador principal con poca red de apoyo,sin apoyo claro,espacios reducidos,"mejoría parcial con estructura, pero no sostenida",2025-12-11T18:03:00,2025-12-11T18:03:00
664b32fe-66a8-43a7-ae6f-d6db18b24fff,family,Papá David,sueño irregular y estrés escolar,sin apoyo claro,ruido frecuente en casa,historial con episodios de desregulación variable,2025-12-19T15:50:00,2025-12-19T15:50:00
e0b6bdac-0a4d-4c87-afd1-887f4475ad0a,family,Papá Elena Noel,varios cambios recientes,apoyo variable,traslados largos,"mejoría parcial con estructura, pero no sostenida",2025-12-15T08:59:00,2025-12-15T08:59:00
8ed25ff7-a627-49a6-9386-c2adb93824c5,family,Tutor Elena Jade,sueño irregular y estrés escolar,sin apoyo claro,traslados largos,dificultades más visibles en periodos de cansancio,2025-12-21T18:43:00,2025-12-21T18:43:00
ff591414-24af-483f-9adc-e46e5dabadc2,family,Abuela Elena Aurora,dudas sobre diagnóstico y manejo cotidiano,apoyo variable,poca red de apoyo,dificultades más visibles en periodos de cansancio,2025-12-23T12:11:00,2025-12-23T12:11:00
e803708c-45f8-4bd5-b083-2df02e637f96,family,Papá Elena Sol,varios cambios recientes,poco apoyo,ruido frecuente en casa,"mejoría parcial con estructura, pero no sostenida",2025-12-07T13:19:00,2025-12-07T13:19:00
f4fcf803-cd18-4055-aa4f-bc62520b9e5e,family,Mamá Elena Mar,cuidador principal con poca red de apoyo,apoyo moderado,horarios variables,sin un patrón completamente claro,2025-12-18T16:33:00,2025-12-18T16:33:00
bd4e14da-8c94-40a5-91ff-905d841a2622,family,Mamá Elena Pilar,cuidador principal con poca red de apoyo,red de apoyo limitada,presión escolar,dificultades más visibles en periodos de cansancio,2025-12-11T16:37:00,2025-12-11T16:37:00
2f0831f7-46b8-4d1d-94bb-ff66ae4b2391,family,Tutor Elena Inés,dudas sobre diagnóstico y manejo cotidiano,red de apoyo limitada,presión escolar,dificultades más visibles en periodos de cansancio,2025-12-23T18:05:00,2025-12-23T18:05:00
4af5fd77-157f-484a-9fab-fe262b72bd43,family,Mamá Elena Cruz,dudas sobre diagnóstico y manejo cotidiano,poco apoyo,pantallas por la noche,sin un patrón completamente claro,2025-12-26T11:24:00,2025-12-26T11:24:00
44551dbf-ca93-44ca-9dc3-38a333db55d0,family,Papá Esteban,familia con alta demanda emocional,red de apoyo limitada,horarios variables,sin un patrón completamente claro,2025-12-28T08:00:00,2025-12-28T08:00:00
3829ae9b-d2a4-4785-bc9f-e36c86c978f0,family,Cuidadora Elena Said,dudas sobre diagnóstico y manejo cotidiano,red de apoyo limitada,espacios reducidos,"mejoría parcial con estructura, pero no sostenida",2025-12-18T13:22:00,2025-12-18T13:22:00
dfcffd5a-0c0d-48b5-bbbc-489ecc348a4d,family,Mamá Elena Alonso Alonso,varios cambios recientes,red de apoyo limitada,horarios variables,"mejoría parcial con estructura, pero no sostenida",2025-12-21T10:42:00,2025-12-21T10:42:00
6364960e-3215-41da-a19a-a27c8112eb7a,family,Cuidador Elena Belén,familia con alta demanda emocional,poco apoyo,pantallas por la noche,dificultades más visibles en periodos de cansancio,2025-12-23T15:10:00,2025-12-23T15:10:00
e2d1458a-d75a-4097-87bd-9c03905f769c,family,Tía Elena Flor,cuidador principal con poca red de apoyo,poco apoyo,cambios constantes de rutina,sin un patrón completamente claro,2025-12-08T10:08:00,2025-12-08T10:08:00
40cde2b1-a647-4cb0-8c9a-adebe1bab0cb,family,Cuidador Elena Rocío,carga funcional alta y poco descanso,apoyo moderado,poca red de apoyo,"mejoría parcial con estructura, pero no sostenida",2025-12-01T16:03:00,2025-12-01T16:03:00
11ca98bb-300e-4841-94b4-55a324d71d47,family,Cuidadora Elena Milen,cuidador principal con poca red de apoyo,red de apoyo limitada,poca red de apoyo,dificultades más visibles en periodos de cansancio,2025-12-09T11:12:00,2025-12-09T11:12:00
1e078026-5215-4954-9008-8e40fc0623a0,family,Cuidador Elena Jazmín,sueño irregular y estrés escolar,poco apoyo,cambios constantes de rutina,"mejoría parcial con estructura, pero no sostenida",2025-12-11T13:36:00,2025-12-11T13:36:00
9a9a09a3-5515-4657-9b0c-fb149bea0cf6,family,Cuidador Fabián,varios cambios recientes,apoyo variable,cambios constantes de rutina,historial con episodios de desregulación variable,2025-12-07T18:10:00,2025-12-07T18:10:00
e567f6a9-5940-4125-9f3e-8b161538d3b4,family,Tía Elena Joel,carga funcional alta y poco descanso,apoyo variable,pantallas por la noche,dificultades más visibles en periodos de cansancio,2025-12-06T08:38:00,2025-12-06T08:38:00
7bdfb695-9442-4916-a0e4-edaeb98d8f19,family,Papá Gabriel,sueño irregular y estrés escolar,apoyo variable,cambios constantes de rutina,dificultades más visibles en periodos de cansancio,2025-12-16T11:20:00,2025-12-16T11:20:00
bbf5f08d-1b3c-4d26-8144-169f7081a79d,family,Tutor Elena Nerea,cuidador principal con poca red de apoyo,poco apoyo,horarios variables,mejor respuesta cuando hay menos presión,2025-12-26T10:01:00,2025-12-26T10:01:00
35300a64-f664-4af5-a526-fb055c362e23,family,Mamá Elena Ambar,varios cambios recientes,apoyo variable,poca red de apoyo,dificultades más visibles en periodos de cansancio,2025-12-09T13:02:00,2025-12-09T13:02:00
e78d2a4c-c84e-4e06-8631-e0878e4df38f,family,Papá Elena León,familia con alta demanda emocional,sin apoyo claro,espacios reducidos,dificultades más visibles en periodos de cansancio,2025-12-08T17:56:00,2025-12-08T17:56:00
42233187-9ab3-4290-ad23-ffa842a57980,family,Cuidador Elena Elián,cuidador principal con poca red de apoyo,apoyo moderado,ruido frecuente en casa,mejor respuesta cuando hay menos presión,2025-12-17T17:25:00,2025-12-17T17:25:00
6340c30f-8b5b-4d32-8039-1e311ffb1075,family,Papá Elena Celeste,dudas sobre diagnóstico y manejo cotidiano,red de apoyo limitada,ruido frecuente en casa,dificultades más visibles en periodos de cansancio,2025-12-10T11:53:00,2025-12-10T11:53:00
03f2fa32-6c8e-489f-a286-c7f4bf6e34cc,family,Cuidador Elena Lía,familia con alta demanda emocional,sin apoyo claro,ruido frecuente en casa,"mejoría parcial con estructura, pero no sostenida",2025-12-23T10:02:00,2025-12-23T10:02:00
bb844779-7042-4616-8b3c-d7bd921fbbde,family,Cuidador Elena Iñaki,carga funcional alta y poco descanso,sin apoyo claro,ruido frecuente en casa,"mejoría parcial con estructura, pero no sostenida",2025-12-17T08:15:00,2025-12-17T08:15:00
cabd734c-419f-4c8e-ab9a-1b200e593abe,family,Tía Mariana Azul,carga funcional alta y poco descanso,apoyo moderado,presión escolar,mejor respuesta cuando hay menos presión,2025-12-03T17:49:00,2025-12-03T17:49:00
4d24738a-b4e1-4bcb-a1e8-68ac77e73d1a,family,Tutor Mariana Lorenzo,cuidador principal con poca red de apoyo,poco apoyo,cambios constantes de rutina,mejor respuesta cuando hay menos presión,2025-12-21T18:35:00,2025-12-21T18:35:00
6b250bbf-6ea6-42d7-ac1a-e715215ed167,family,Papá Mariana Renée,familia con alta demanda emocional,sin apoyo claro,ruido frecuente en casa,"mejoría parcial con estructura, pero no sostenida",2025-12-19T16:06:00,2025-12-19T16:06:00
0eeb0b95-213d-4d0f-817b-4b931bd93b1b,family,Tía Mariana Emmanuel,carga funcional alta y poco descanso,poco apoyo,poca red de apoyo,mejor respuesta cuando hay menos presión,2025-12-08T09:39:00,2025-12-08T09:39:00
669609ff-54c3-4f7c-b479-68e3a02fb4c8,individual,Cuidador Mariana Ariel,dudas sobre diagnóstico y manejo cotidiano,red de apoyo limitada,horarios variables,historial con episodios de desregulación variable,2025-12-13T12:04:00,2025-12-13T12:04:00
d691ff58-3270-4370-8017-5091091f2369,family,Mamá Mariana Gael,familia con alta demanda emocional,sin apoyo claro,pantallas por la noche,dificultades más visibles en periodos de cansancio,2025-12-01T11:02:00,2025-12-01T11:02:00
c5a1179e-a492-4240-b4ae-bd69ba8f7037,family,Cuidadora Mariana Elías,cuidador principal con poca red de apoyo,red de apoyo limitada,poca red de apoyo,"mejoría parcial con estructura, pero no sostenida",2025-12-06T10:07:00,2025-12-06T10:07:00
d56d9f7e-3c29-4960-8e0a-43f7b68ae6e4,family,Abuela Mariana Noel,familia con alta demanda emocional,poco apoyo,pantallas por la noche,"mejoría parcial con estructura, pero no sostenida",2025-12-17T13:31:00,2025-12-17T13:31:00
55089e60-d46f-4ebc-8689-74e4f6cf47b3,family,Cuidador Héctor,varios cambios recientes,apoyo variable,pantallas por la noche,dificultades más visibles en periodos de cansancio,2025-12-11T10:07:00,2025-12-11T10:07:00
80b65243-53c2-4b60-a3bd-c3b83daa3bf6,family,Tía Mariana Jade,varios cambios recientes,sin apoyo claro,espacios reducidos,mejor respuesta cuando hay menos presión,2025-12-18T13:52:00,2025-12-18T13:52:00
218e92aa-7c88-4b22-bd5d-d6c2263e6fb5,family,Tía Mariana Aurora,sueño irregular y estrés escolar,apoyo variable,pantallas por la noche,"mejoría parcial con estructura, pero no sostenida",2025-12-05T16:55:00,2025-12-05T16:55:00
11d0c5c7-307a-49b9-8d57-44b99f520cdc,family,Tía Mariana Sol,familia con alta demanda emocional,red de apoyo limitada,presión escolar,historial con episodios de desregulación variable,2025-12-23T08:40:00,2025-12-23T08:40:00
676a059e-b867-4351-802a-2faecd906915,family,Tía Mariana Mar,dudas sobre diagnóstico y manejo cotidiano,poco apoyo,presión escolar,sin un patrón completamente claro,2025-12-09T10:31:00,2025-12-09T10:31:00
76bf3857-4864-47a6-9eff-bbdabe6c5769,family,Tutor Mariana Pilar,sueño irregular y estrés escolar,red de apoyo limitada,pantallas por la noche,dificultades más visibles en periodos de cansancio,2025-12-23T17:53:00,2025-12-23T17:53:00
