meta_key,meta_value,created_at,updated_at
repository_scope,"{""name"": ""neuroguIA research dataset"", ""scope"": ""public_research_outputs_and_reproducibility"", ""project"": ""neuroguIA""}",2026-04-16T00:27:24.915504,2026-08-11T18:46:00-06:00
created_by,"{""author"": ""Cristhianne De León"", ""project"": ""neuroguIA"", ""institutional_scope"": ""investigación de tesis""}",2026-04-16T00:27:24.915529,2026-08-11T18:46:00-06:00
data_provenance,"{""classification"": ""audited_research_outputs"", ""basis"": ""fuente analítica auditada y documentación metodológica de la investigación"", ""custodian"": ""Cristhianne De León""}",2026-07-24T00:00:00-06:00,2026-08-11T18:46:00-06:00
canonical_source_policy,"{""analytical_source"": ""Documento Maestro Oficial auditado"", ""public_repository_scope"": ""resultados agregados, documentación metodológica y materiales reproducibles"", ""individual_level_sources"": ""restringidas y no publicadas""}",2026-07-24T00:00:00-06:00,2026-08-11T18:46:00-06:00
sample_policy,"{""participants"": 562, ""experimental"": 281, ""control"": 281, ""analytical_families"": 281}",2026-08-11T18:46:00-06:00,2026-08-11T18:46:00-06:00
temporal_policy,"{""preparatory_week"": ""2026-01-05/2026-01-11"", ""active_intervention"": ""2026-01-12/2026-05-17"", ""active_weeks"": 18, ""posttest_closure"": ""2026-05-18/2026-05-21""}",2026-08-11T18:46:00-06:00,2026-08-11T18:46:00-06:00
usage_reporting_policy,"{""experimental_window_sessions"": 1325, ""experimental_window_messages"": 10212, ""technical_corpus_sessions"": 6463, ""technical_corpus_messages"": 47670, ""rule"": ""mantener separada la ventana experimental del corpus técnico completo""}",2026-08-11T18:46:00-06:00,2026-08-11T18:46:00-06:00
support_measure_policy,"{""mspss"": ""resultado oficial agregado"", ""auxiliary_support_index"": ""medida secundaria separada"", ""rule"": ""no denominar MSPSS al índice auxiliar de apoyo""}",2026-08-11T18:46:00-06:00,2026-08-11T18:46:00-06:00
privacy_policy,"{""public"": ""resultados agregados y documentación reproducible"", ""restricted"": ""identificadores, crosswalks, respuestas individuales, memorias, mensajes y corpus conversacional fila por fila""}",2026-08-11T18:46:00-06:00,2026-08-11T18:46:00-06:00
